entropy_1,entropy_2,mean_entropy_3,std_entropy_3,mean_entropy_3_scaled,std_entropy_3_scaled,n_bins,S,Age,Credit amount,Duration,Job_0,Job_1,Job_2,Job_3,Housing_free,Housing_own,Housing_rent,Saving accounts_little,Saving accounts_moderate,Saving accounts_quite rich,Saving accounts_rich,Checking account_little,Checking account_moderate,Checking account_rich,Purpose_business,Purpose_car,Purpose_domestic appliances,Purpose_education,Purpose_furniture/equipment,Purpose_radio/TV,Purpose_repairs,Purpose_vacation/others
0.7097645542842423,0.9924820324406043,4.149287613669526,0.020661005354436355,0.960054753936776,0.0047805065009936904,20.0,1,-0.5714635006463117,1.4348991779120275,1.3465830153486362,0,0,1,0,0,1,0,1,0,0,0,1,0,0,0,0,0,1,0,0,0,0
0.8800650696354069,0.9984730898903078,3.8432299354510233,0.023224976521143546,0.9608074838627558,0.005806244130285887,16.0,1,-1.261415354587746,-0.8542998125746444,-0.7378429886541339,0,0,1,0,0,0,1,1,0,0,0,1,0,0,0,0,0,1,0,0,0,0
0.8513308265508037,0.9933418121880535,4.375969402711774,0.018738156836687357,0.9544177083288009,0.00408687242997953,24.0,1,-0.5714635006463117,-0.3069574975560266,0.3043700133472512,0,1,0,0,0,1,0,0,0,0,0,0,1,0,0,0,0,0,1,0,0,0
0.8661236813986259,0.9975720245861465,3.8118486101544162,0.01441407379724529,0.9529621525386041,0.0036035184493113225,16.0,0,-1.3476593363304252,-0.4194093777904596,-0.21673648765344133,0,0,1,0,0,0,1,1,0,0,0,1,0,0,0,0,0,0,1,0,0,0
0.7866261099706012,0.9984730898903078,4.761514801933336,0.019125551043223204,0.961107413517392,0.003860475008453925,31.0,1,-0.05399961019023594,-0.15587418907779177,-0.4772897381537876,0,0,1,0,0,1,0,0,0,0,0,0,1,0,0,0,0,0,0,1,0,0
0.7745085286615678,0.9962572968375276,3.028418412500897,0.015174516434272959,0.9553596413552278,0.004787026957220928,9.0,1,-1.0889273911023873,-0.6469905639791931,-0.4772897381537876,0,0,1,0,0,1,0,0,0,0,0,0,1,0,0,0,0,0,0,1,0,0
0.7490593447969769,0.9933418121880535,5.198745446859914,0.01075340364200814,0.9641022661052666,0.0019942082038016716,42.0,1,-0.3989755371609531,0.5115697939463089,1.3465830153486362,0,0,1,0,0,1,0,1,0,0,0,0,0,1,0,0,0,0,0,1,0,0
0.7583373241205442,0.9870084402431715,3.438276674940839,0.01997360293683133,0.95908302367157,0.005571495638465805,12.0,1,0.03224437155244334,-0.5410410033501525,-0.4772897381537876,0,0,1,0,0,1,0,1,0,0,0,1,0,0,0,1,0,0,0,0,0,0
0.7601675029619656,0.9964625048848765,3.4649430463411344,0.017061481979307628,0.9665214198597954,0.004759180040481738,12.0,1,1.6708800246633497,1.4291618370837402,0.3043700133472512,0,0,1,0,0,1,0,1,0,0,0,1,0,0,0,0,0,0,1,0,0,0
0.7814814932386424,0.9994343896240241,2.9754241357521445,0.019658131784190014,0.9386418083703336,0.006201450121137104,9.0,1,0.7221962254938776,-0.6339859247684083,-0.4772897381537876,0,0,1,0,0,1,0,1,0,0,0,1,0,0,0,0,0,0,1,0,0,0
0.8252336065126468,0.9998961234639353,3.8359924681196906,0.013003146695859464,0.9589981170299227,0.003250786673964866,16.0,0,-0.14024359193291522,-0.625188668831701,-0.9983962391544802,0,0,0,1,0,1,0,1,0,0,0,0,1,0,0,0,0,1,0,0,0,0
0.8608440062015498,0.9862187199222405,3.01950927540658,0.02495703115119566,0.952549121519502,0.007873066757049548,9.0,0,-1.0889273911023873,-0.7403179747860014,-0.7378429886541339,0,0,1,0,0,0,1,0,0,0,0,1,0,0,0,0,0,1,0,0,0,0
0.7490593447969769,0.9958294764724047,3.8670663259681697,0.017071729902883623,0.9667665814920424,0.004267932475720906,16.0,1,1.6708800246633497,-0.6588477350243204,-0.7378429886541339,0,0,1,0,0,1,0,0,0,0,1,0,0,0,0,1,0,0,0,0,0,0
0.7674044165839726,0.9984730898903078,3.027312535116649,0.02303394713963041,0.9550107758824657,0.007266401296292475,9.0,1,1.8433679881487084,4.277177824245605,1.3465830153486362,0,0,0,1,1,0,0,1,0,0,0,0,1,0,0,1,0,0,0,0,0,0
0.8048764985440612,0.9949041692998883,3.4345921269115025,0.015987670904242093,0.9580552449908737,0.004459648016130155,12.0,1,1.0671721524645947,-0.706658908593382,-0.9983962391544802,0,0,1,0,0,1,0,0,1,0,0,1,0,0,0,0,0,0,0,0,1,0
0.7452883145630643,0.9866165198488093,3.833829018780091,0.017263685834423555,0.9584572546950227,0.004315921458605889,16.0,0,-0.14024359193291522,-0.6160089235064411,0.3043700133472512,0,0,1,0,0,1,0,0,0,0,1,0,0,0,0,1,0,0,0,0,0,0
0.8252336065126468,0.99819587904281,4.5567788171404064,0.024402515169790712,0.9583357787260114,0.005132090960866585,27.0,0,-1.0026834093597081,-0.38689777976349765,-0.21673648765344133,0,0,1,0,0,0,1,1,0,0,0,1,0,0,0,0,0,0,1,0,0,0
0.7527960664084545,0.9962572968375276,3.474295462007162,0.015736598313130793,0.9691302102346308,0.004389613087993301,12.0,1,-0.6577074823889909,0.4258921709105504,0.8254765143479438,0,0,0,1,0,1,0,1,0,0,0,0,1,0,0,1,0,0,0,0,0,0
0.8128592431848387,0.9958294764724046,4.150586542805906,0.01762647878810111,0.9603552978393728,0.004078383166289235,20.0,1,-0.14024359193291522,3.3898024428038207,0.8254765143479438,0,1,0,0,0,1,0,1,0,0,0,1,0,0,0,0,0,0,0,0,1,0
0.832722637493494,0.9930610464600562,3.830356765513572,0.019865117543075808,0.957589191378393,0.004966279385768952,16.0,0,-1.0889273911023873,2.040762369379177,-0.21673648765344133,0,0,1,0,0,0,1,0,0,0,0,1,0,0,0,0,0,1,0,0,0,0
0.8554508105601307,0.9975720245861465,3.838649562591771,0.013159517389580915,0.9596623906479428,0.003289879347395229,16.0,0,-1.0889273911023873,-0.37848301321534283,-0.9115451556543647,0,0,1,0,0,0,1,1,0,0,0,0,0,0,0,0,0,0,1,0,0,0
0.7883249003933805,0.9983373765218819,3.8213831096644073,0.023882960038951604,0.9553457774161018,0.005970740009737901,16.0,1,-0.3127315554182738,-0.14937186947239936,0.04381676284690494,0,0,1,0,0,1,0,0,0,0,1,0,1,0,0,0,0,0,1,0,0,0
0.7691928290130137,0.9983373765218819,3.829636510546713,0.02325512842748259,0.9574091276366783,0.005813782106870648,16.0,1,-1.1751713728450666,0.005153843502807887,0.3043700133472512,0,0,1,0,1,0,0,1,0,0,0,1,0,0,0,0,0,0,1,0,0,0
0.8527113370324145,0.9933418121880535,3.8766538077224033,0.026030763867174286,0.9691634519306008,0.006507690966793571,16.0,0,-0.6577074823889909,-0.20253789448119594,0.04381676284690494,0,0,0,1,0,0,1,1,0,0,0,1,0,0,0,0,0,0,0,1,0,0
0.7745085286615678,0.9977366703420345,3.4667660476557054,0.01446298504016396,0.9670299332164076,0.0040343476500115764,12.0,1,0.37722029852316047,-0.6798846513947074,0.3043700133472512,0,0,0,1,0,1,0,0,0,0,0,1,0,0,0,0,0,0,0,0,0,1
0.7527960664084545,0.9946583178227808,3.8491333342847027,0.0268886271383465,0.9622833335711757,0.006722156784586625,16.0,1,-0.8301954458743496,1.9481999373494736,1.3465830153486362,0,0,1,0,0,1,0,1,0,0,0,1,0,0,0,1,0,0,0,0,0,0
0.8414646362081757,0.9974015885677396,4.1405233339079075,0.015645714981975128,0.9580268905459007,0.0036200775761362877,20.0,0,-1.0889273911023873,3.2222720906178286,0.3043700133472512,0,0,0,1,0,0,1,1,0,0,0,0,1,0,0,1,0,0,0,0,0,0
0.8341980958607491,0.9999884584088952,3.0268889060834483,0.02494256146812831,0.9548771358017042,0.00786850208026355,9.0,0,-0.5714635006463117,-0.6592302244128728,-0.7378429886541339,0,0,0,1,0,1,0,1,0,0,0,0,0,0,1,0,0,0,0,0,0,0
0.7866261099706012,0.9989581233509567,3.8544231335522072,0.014294105964624255,0.9636057833880518,0.0035735264911560638,16.0,1,0.03224437155244334,-0.36509588461600556,0.8254765143479438,0,0,1,0,0,1,0,0,0,0,0,0,1,0,0,1,0,0,0,0,0,0
0.8457365854914223,0.9953784388202257,3.8495580487106102,0.009148563962357758,0.9623895121776526,0.0022871409905894395,16.0,1,-0.05399961019023594,1.4582310306137296,1.3465830153486362,0,0,0,1,0,0,1,1,0,0,0,0,1,0,0,1,0,0,0,0,0,0
0.7601675029619656,0.9938858724897721,4.791115282512218,0.021514677898490056,0.9670822434846302,0.004342718081918309,31.0,0,-1.0026834093597081,-0.7296082719065315,-0.7378429886541339,0,1,0,0,0,1,0,1,0,0,0,1,0,0,0,1,0,0,0,0,0,0
0.8032566997760642,0.9999278640456615,3.4665596029910355,0.012685367317025374,0.9669723469335306,0.0035384937260776344,12.0,1,-1.0026834093597081,1.1671566059252823,0.8254765143479438,0,0,1,0,0,0,1,0,1,0,0,1,0,0,0,1,0,0,0,0,0,0
0.7564987103663676,0.9951442089848421,4.787975583893814,0.02137970430369862,0.9664484981863625,0.004315473785096963,31.0,1,0.03224437155244334,-0.6745297999549725,-0.7378429886541339,0,0,1,0,0,1,0,1,0,0,0,1,0,0,0,1,0,0,0,0,0,0
0.8499431123430718,0.9936167534536142,3.4479062915066905,0.011489722493487507,0.9617691372819392,0.0032049770370474553,12.0,0,1.0671721524645947,0.4649060885429047,0.3043700133472512,0,1,0,0,0,1,0,0,0,0,0,0,1,0,0,0,0,0,1,0,0,0
0.8297494277867028,0.9992612140227841,4.557587414984548,0.01556246984809033,0.9585058348721922,0.0032729417554062936,27.0,1,-0.5714635006463117,0.1738316638544574,-0.7378429886541339,0,1,0,0,0,1,0,1,0,0,0,1,0,0,0,0,0,0,1,0,0,0
0.7780113035465376,0.9990649315776107,3.801090331643281,0.019379892865899168,0.9502725829108203,0.004844973216474792,16.0,1,-1.1751713728450666,-0.2495840892731526,0.3043700133472512,0,0,1,0,0,1,0,0,0,1,0,1,0,0,0,0,0,0,1,0,0,0
0.7866261099706012,0.999953833266239,3.740693246812949,0.03423064584215407,0.9351733117032373,0.008557661460538518,16.0,1,-0.6577074823889909,1.1717464785879121,-0.7378429886541339,0,0,1,0,0,0,1,1,0,0,0,1,0,0,0,0,0,0,0,1,0,0
0.8457365854914223,0.9983373765218819,4.146238703543065,0.01595978551787096,0.9593493025596308,0.0036927466555379805,20.0,1,-0.48521951890363235,0.16465191852919756,2.3887960173500216,0,0,1,0,0,1,0,0,1,0,0,0,1,0,1,0,0,0,0,0,0,0
0.7727448592131423,0.9951442089848421,3.8048361667221755,0.019844629804463457,0.9512090416805439,0.004961157451115864,16.0,1,-1.0889273911023873,-0.8619496003456942,-0.6509919051540185,0,0,1,0,0,1,0,1,0,0,0,0,1,0,0,0,0,0,0,1,0,0
0.7983504203079477,0.9993506898146103,4.923943794131292,0.01755979770710419,0.9599672659638159,0.003423440985629793,35.0,0,1.9296119698913876,-1.0520468264562834,-0.7378429886541339,0,1,0,0,0,1,0,1,0,0,0,1,0,0,0,0,0,0,0,1,0,0
0.7490593447969769,0.9972253609153698,3.879110857738618,0.012481476416450574,0.9697777144346545,0.0031203691041126434,16.0,0,-0.9164394276170288,1.8854716776268647,1.3465830153486362,0,0,0,1,0,1,0,1,0,0,0,1,0,0,0,0,0,1,0,0,0,0
0.7900156893384529,0.9997662707810439,3.862307626924637,0.008423743933016169,0.9655769067311593,0.002105935983254042,16.0,0,-1.0889273911023873,-0.39569503570020503,-0.6509919051540185,0,1,0,0,0,1,0,1,0,0,0,0,1,0,0,0,0,0,0,1,0,0
0.8712907840103599,0.9953784388202257,3.418752476678597,0.015886453921695524,0.9536368862968233,0.004431414252868696,12.0,0,-1.4339033180731044,-0.44197625171505667,-0.9983962391544802,0,0,1,0,0,0,1,1,0,0,0,0,0,0,0,0,0,0,1,0,0,0
0.7601675029619656,0.9972253609153698,3.4269232386134143,0.014965435855676558,0.9559160626991355,0.004174502760535474,12.0,1,0.37722029852316047,0.8588701587519727,2.3887960173500216,1,0,0,0,1,0,0,0,0,0,0,0,1,0,0,0,0,0,0,0,0,1
0.8237133233102514,0.9988455359952018,3.4837515406987736,0.010120098591014016,0.9717679166791777,0.0028229301112572837,12.0,1,0.7221962254938776,0.6045147153645648,-1.2589494896548263,0,1,0,0,0,1,0,0,0,0,0,1,0,0,0,1,0,0,0,0,0,0
0.8763462289152608,0.9800302358597729,3.834641604100792,0.023475126985836862,0.958660401025198,0.005868781746459216,16.0,0,-0.9164394276170288,-0.1929756597673836,-0.4772897381537876,0,1,0,0,0,1,0,0,1,0,0,0,1,0,0,0,0,0,0,0,1,0
0.7601675029619656,0.9995844639313985,3.4481697683755543,0.01398263567107817,0.9618426322958511,0.003900357582057085,12.0,1,-0.6577074823889909,0.39529301982635096,0.3043700133472512,0,0,1,0,0,1,0,1,0,0,0,1,0,0,0,0,0,0,1,0,0,0
0.7814814932386424,0.9951442089848421,4.87549556106454,0.017776885773278725,0.9505218458326394,0.0034657642626759926,35.0,1,0.7221962254938776,0.1336702780564456,-0.04303432065321049,0,0,1,0,0,1,0,0,0,0,0,0,0,0,0,1,0,0,0,0,0,0
0.7780113035465376,0.9953784388202257,3.851359922659487,0.017919882659470112,0.9628399806648718,0.004479970664867528,16.0,1,-0.3127315554182738,-0.9311801796736955,-0.7378429886541339,0,0,1,0,0,1,0,1,0,0,0,0,0,0,0,0,0,1,0,0,0,0
0.7691928290130137,0.9988455359952018,4.1685903308805985,0.017448901944315826,0.964520982154202,0.0040372957534756445,20.0,1,0.20473233503780192,0.03575299458700734,-0.21673648765344133,0,0,0,1,0,1,0,0,0,0,0,0,0,0,0,1,0,0,0,0,0,0
0.7849192945250534,0.9946583178227808,4.5933780025683175,0.019753808859679547,0.9660329504069939,0.004154421918645095,27.0,0,-0.48521951890363235,-0.795778936126113,-0.21673648765344133,0,0,1,0,0,1,0,1,0,0,0,0,0,0,0,1,0,0,0,0,0,0
0.7691928290130137,0.9975720245861465,4.144215928547309,0.02023342629895846,0.9588812764954884,0.004681574023152701,20.0,1,-0.3989755371609531,1.2295023762593387,0.8254765143479438,0,0,1,0,0,1,0,0,0,0,0,1,0,0,0,0,0,0,1,0,0,0
0.7357090792864718,0.9819165980553664,4.131984038254887,0.029133433567518283,0.9560510835760618,0.006740841802060935,20.0,1,0.37722029852316047,-0.1761461266710739,0.13066784634702036,0,0,1,0,0,1,0,0,0,1,0,0,0,0,0,0,0,0,0,1,0,0
0.7780113035465376,0.9999884584088952,4.152316422851106,0.02149967609146898,0.9607555543932118,0.004974556637557712,20.0,1,2.7920517873181807,4.498256690828946,-1.2589494896548263,0,0,0,1,0,1,0,1,0,0,0,1,0,0,0,1,0,0,0,0,0,0
0.8112781244591328,0.9999278640456615,4.186568782242141,0.013718184513062904,0.9686808041056153,0.0031740890204283822,20.0,1,0.37722029852316047,1.6211715101370918,-0.21673648765344133,0,0,0,1,0,1,0,1,0,0,0,0,1,0,0,0,0,0,1,0,0,0
0.7035587015314071,0.9726784537702277,3.3769917418687654,0.020894639462042872,0.9419880239164135,0.005828412279860587,12.0,0,-0.6577074823889909,-0.6707049060694477,-1.2589494896548263,0,0,1,0,0,1,0,1,0,0,0,0,0,0,0,0,0,0,0,1,0,0
0.8128592431848387,0.9975720245861465,4.417588164116016,0.015174707962098523,0.963494938818188,0.003309668936160727,24.0,1,0.20473233503780192,-0.8370877900897822,0.3043700133472512,0,0,1,0,1,0,0,1,0,0,0,0,0,1,0,1,0,0,0,0,0,0
0.8159984789708665,0.9996508396313202,5.479978667243819,0.019014498582123104,0.95671347231754,0.003319616383110741,53.0,0,-1.3476593363304252,-0.5961194753017115,-0.8246940721542493,0,0,1,0,0,1,0,0,0,0,1,0,1,0,0,0,0,0,1,0,0,0
0.8908512966034441,0.9849900098451574,4.733343464091605,0.02142916158980586,0.9554210547062427,0.004325456693122523,31.0,1,0.03224437155244334,0.42283225580213046,0.3043700133472512,0,1,0,0,0,1,0,1,0,0,0,0,1,0,1,0,0,0,0,0,0,0
0.7583373241205442,0.9885173903891562,4.43683130601263,0.021746525529322255,0.9676919506571258,0.004743010553718129,24.0,1,0.2909763167804812,0.04340278235805721,1.3465830153486362,0,0,0,1,1,0,0,1,0,0,0,1,0,0,0,1,0,0,0,0,0,0
0.7674044165839726,0.9946583178227808,4.410609530272265,0.01787465608996163,0.9619728688246703,0.0038985392109859565,24.0,1,-0.05399961019023594,-0.8259955978217599,-0.7378429886541339,0,0,1,0,0,1,0,0,0,0,0,0,0,0,0,0,0,0,0,1,0,0
0.8267463724926178,0.9994343896240241,4.5800979941865405,0.019242114195501304,0.9632400329350801,0.004046807455853838,27.0,0,3.3957596595169357,-0.6737648211778676,-1.2589494896548263,0,0,0,1,0,1,0,0,0,0,0,1,0,0,0,1,0,0,0,0,0,0
0.8443198937773437,0.9977366703420345,3.841142265150638,0.018012748419656333,0.9602855662876595,0.004503187104914083,16.0,0,-0.14024359193291522,-0.40984714307664727,0.3043700133472512,0,0,0,1,0,1,0,1,0,0,0,0,1,0,0,0,0,0,1,0,0,0
0.7745085286615678,0.9995844639313985,3.8648653042645646,0.018973373484021956,0.9662163260661412,0.004743343371005489,16.0,1,0.7221962254938776,-0.29089294323682185,0.3043700133472512,0,0,1,0,0,1,0,0,0,1,0,0,0,0,1,0,0,0,0,0,0,0
0.7601675029619656,0.9992612140227841,3.8588996633582626,0.01483155844596588,0.9647249158395657,0.00370788961149147,16.0,1,0.37722029852316047,-0.569345218103037,0.04381676284690494,0,1,0,0,0,1,0,0,0,0,0,1,0,0,0,1,0,0,0,0,0,0
0.7866261099706012,0.9953784388202257,4.40578696072739,0.01562073125835044,0.9609210457085343,0.0034069485313987734,24.0,0,0.9809281707219155,-0.6726173530122102,0.3043700133472512,0,0,1,0,1,0,0,0,1,0,0,0,0,1,0,0,0,0,0,1,0,0
0.8016291015856118,0.9998586112670831,4.173755143423813,0.019173508392848048,0.9657160072517563,0.0044363321119408085,20.0,1,2.102099933376746,1.2746361241085329,-0.04303432065321049,0,0,0,1,0,1,0,0,0,0,0,0,1,0,0,1,0,0,0,0,0,0
0.8032566997760642,0.9999740313334506,3.8381775151306434,0.01349752067645218,0.9595443787826609,0.003374380169113045,16.0,0,-1.1751713728450666,0.18989621817366212,0.3043700133472512,0,0,1,0,0,0,1,1,0,0,0,1,0,0,0,1,0,0,0,0,0,0
0.7619892744665404,0.9994343896240241,4.173037687627916,0.020317251518711697,0.9655500036116802,0.004700969352716929,20.0,0,-0.8301954458743496,-0.5433359396814674,0.8254765143479438,0,0,1,0,0,1,0,0,0,0,0,0,1,0,0,0,0,0,0,1,0,0
0.8064885192927098,0.9986030202378096,3.049746691422119,0.01991466638454028,0.9620879642371627,0.006282377777227881,9.0,0,-0.8301954458743496,-0.9074658375834409,-0.7378429886541339,0,0,1,0,0,1,0,1,0,0,0,0,0,0,0,0,0,0,1,0,0,0
0.7966992933903274,0.9991659615315873,4.176171806222441,0.0181065948124658,0.9662751703719126,0.0041894715541161125,20.0,0,0.6359522437511983,-0.6412532231509056,-0.4772897381537876,0,1,0,0,0,1,0,1,0,0,0,0,0,0,0,0,0,0,0,1,0,0
0.7564987103663676,0.997043340210421,3.8696385026434834,0.013072371334114348,0.9674096256608709,0.003268092833528587,16.0,1,0.4634642802658398,-0.16199401929463164,1.3465830153486362,0,0,1,0,0,1,0,1,0,0,0,1,0,0,0,0,0,0,1,0,0,0
0.7376423801856891,0.9841414105340351,3.405797795123571,0.025323017283213855,0.9500232692638921,0.007063677033754152,12.0,1,-0.6577074823889909,0.17574411079721985,1.3465830153486362,0,0,1,0,0,1,0,1,0,0,0,0,0,0,0,0,0,0,0,1,0,0
0.832722637493494,0.9999740313334506,4.385990318814318,0.020931794086876006,0.9566033131403928,0.00456531412930505,24.0,0,1.3259040976926326,-0.9384474780561929,-0.7378429886541339,0,0,1,0,0,1,0,0,1,0,0,0,0,0,0,1,0,0,0,0,0,0
0.7509319796338464,0.9938858724897721,3.39764743768875,0.016580210032745686,0.9477497845529138,0.004624932626048494,12.0,0,-1.0026834093597081,-0.9598668838151325,-0.7378429886541339,0,1,0,0,0,1,0,1,0,0,0,1,0,0,0,0,0,0,0,1,0,0
0.7619892744665404,0.997895527159741,3.869316805924407,0.00623169612711618,0.9673292014811018,0.001557924031779045,16.0,1,0.37722029852316047,0.5689432022291829,-0.4772897381537876,0,0,0,1,0,1,0,0,1,0,0,0,0,0,0,0,0,1,0,0,0,0
0.7656077043870683,0.9999884584088952,3.4692827488004148,0.009510405305779441,0.9677319492470365,0.002652860470330259,12.0,1,0.6359522437511983,1.6284388085195893,0.3043700133472512,0,1,0,0,0,1,0,1,0,0,0,0,0,0,0,1,0,0,0,0,0,0
0.682259792596041,0.9775387286988189,4.132241422528713,0.026385503781847616,0.956110636689435,0.006105030718363966,20.0,0,-1.0889273911023873,-0.6263361369973585,-0.7378429886541339,0,0,1,0,0,1,0,1,0,0,0,1,0,0,0,0,0,0,0,1,0,0
0.7849192945250534,0.994149171480893,5.032585952377788,0.021418970423598957,0.9589663613847261,0.0040814150669440585,38.0,1,0.03224437155244334,-0.8611846215685892,-0.21673648765344133,0,0,1,0,0,1,0,1,0,0,0,0,1,0,0,1,0,0,0,0,0,0
0.7691928290130137,0.9951442089848421,4.5867577226508995,0.029860775639723832,0.9646406398813705,0.006280017271941185,27.0,0,1.2396601159499534,-0.17767608422528386,1.3465830153486362,0,0,1,0,1,0,0,0,1,0,0,0,1,0,0,0,0,0,0,1,0,0
0.7433898602242521,0.980510717879657,3.7827585607195884,0.015507958215634008,0.9456896401798971,0.003876989553908502,16.0,0,0.11848835329512263,-0.7070413979819344,0.3043700133472512,0,0,1,0,0,1,0,0,0,0,1,0,0,0,0,1,0,0,0,0,0,0
0.7933733558484901,0.9997114417528099,4.147071391093477,0.015380990491425446,0.9595419683171654,0.003558826096533258,20.0,1,0.03224437155244334,1.211907864385924,1.3465830153486362,0,0,1,0,0,1,0,0,0,0,0,0,0,0,1,0,0,0,0,0,0,0
0.8252336065126468,0.9996508396313202,4.154626278983117,0.015839686862030106,0.9612900047776927,0.0036649584431466356,20.0,1,1.6708800246633497,2.3513437528838015,1.8676895163493288,0,0,0,1,1,0,0,1,0,0,0,0,1,0,0,1,0,0,0,0,0,0
0.7509319796338464,0.9980485963165613,4.546046553791834,0.022725330067189912,0.9560786773027518,0.004779362299707379,27.0,1,-0.05399961019023594,-0.21401257613777072,-1.172098406154711,0,0,1,0,0,1,0,1,0,0,0,0,1,0,0,0,0,0,0,1,0,0
0.7916985001248851,0.9986030202378096,4.415600108631896,0.020871602334369826,0.9630613353843959,0.004552186049741285,24.0,1,-0.9164394276170288,-0.764032316876256,-0.9983962391544802,0,1,0,0,0,1,0,1,0,0,0,1,0,0,0,0,0,0,0,1,0,0
0.684432807199574,0.9895875212220556,3.8352425687604716,0.018820703999093597,0.9588106421901179,0.004705175999773399,16.0,1,-0.05399961019023594,-0.5567230682808046,-0.7378429886541339,0,0,1,0,0,1,0,0,0,1,0,1,0,0,0,0,0,0,0,1,0,0
0.8443198937773437,0.9944066525627802,3.867158281771119,0.023031648629287693,0.9667895704427798,0.005757912157321923,16.0,1,0.4634642802658398,-0.8596546640143793,-0.7378429886541339,0,1,0,0,0,1,0,1,0,0,0,0,1,0,0,1,0,0,0,0,0,0
0.8499431123430718,0.9970433402104208,3.847127257059712,0.015345802580101101,0.961781814264928,0.0038364506450252753,16.0,0,-0.9164394276170288,-0.6511979472532705,-0.4772897381537876,0,0,1,0,0,0,1,1,0,0,0,1,0,0,0,0,0,0,1,0,0,0
0.7239235920856688,0.9800302358597729,3.3881315509516376,0.014050065100498598,0.9450953950759811,0.003919166545723188,12.0,1,-0.5714635006463117,-0.15013684824950435,0.6517743473477129,0,0,1,0,0,1,0,1,0,0,0,0,0,0,0,0,0,0,0,1,0,0
0.8414646362081757,0.9995123141215677,4.412533044591674,0.015340318634009928,0.9623923955534289,0.003345789334503208,24.0,1,-0.05399961019023594,2.264136172293833,1.3465830153486362,0,1,0,0,1,0,0,0,0,0,0,0,0,0,0,0,0,1,0,0,0,0
0.7395669234392042,0.9748983373999445,3.7956320644612305,0.018267308301789208,0.9489080161153076,0.004566827075447302,16.0,0,-0.7439514641316702,-0.9124381996346234,-0.21673648765344133,1,0,0,0,0,1,0,1,0,0,0,1,0,0,0,0,0,1,0,0,0,0
0.8414646362081757,0.9998586112670831,4.7383845581052455,0.01850881016206112,0.9564385949282705,0.0037359864249335065,31.0,1,-0.22648757367559452,1.2061705235576365,1.8676895163493288,0,0,1,0,0,1,0,1,0,0,0,0,0,1,1,0,0,0,0,0,0,0
0.7452883145630643,0.9885173903891562,4.379714544406106,0.02266511424279172,0.9552345398064286,0.004943358694695287,24.0,1,-0.48521951890363235,-0.7311382294607416,-0.9983962391544802,0,0,1,0,0,1,0,1,0,0,0,0,0,0,0,1,0,0,0,0,0,0
0.7097645542842423,0.9866165198488093,4.099893003800693,0.02097712088604982,0.948625917365602,0.004853648747850465,20.0,1,-0.8301954458743496,-0.7563825291052061,-0.7378429886541339,0,0,1,0,0,1,0,0,0,1,0,0,1,0,0,0,0,0,0,1,0,0
0.7433898602242521,0.9918796925533511,4.135545664955589,0.027125686770921795,0.9568751663980123,0.00627629293578721,20.0,0,-1.261415354587746,2.680667116427498,3.4310090193514067,0,0,1,0,0,1,0,0,1,0,0,0,0,0,0,0,0,0,0,1,0,0
0.8385800999954849,0.9977366703420345,3.3903881156044138,0.015252836079655855,0.9457248478672785,0.00425467102559303,12.0,1,0.5497082620085191,1.205788034169084,3.4310090193514067,0,0,1,0,1,0,0,1,0,0,0,0,1,0,0,0,0,1,0,0,0,0
0.7471781328795917,0.9899325174518772,3.852100225784737,0.02341597216520422,0.9630250564461843,0.005853993041301055,16.0,1,0.8946841889792362,0.30426054535085756,2.3887960173500216,0,0,1,0,1,0,0,1,0,0,0,1,0,0,0,1,0,0,0,0,0,0
0.7814814932386424,0.997043340210421,3.887990700954706,0.014042150549512305,0.9719976752386765,0.0035105376373780763,16.0,1,1.2396601159499534,-0.2851556024085345,-0.7378429886541339,0,0,1,0,0,1,0,0,0,0,0,0,0,0,0,1,0,0,0,0,0,0
0.7158873656827772,0.992183779438731,3.83625513599007,0.0173162835772109,0.9590637839975175,0.004329070894302725,16.0,1,-1.0026834093597081,2.3467538802211716,1.3465830153486362,0,0,1,0,0,1,0,1,0,0,0,1,0,0,0,1,0,0,0,0,0,0
0.7849192945250534,0.999953833266239,3.476111216989426,0.020718065228719922,0.9696367022779644,0.00577915814309138,12.0,1,-0.7439514641316702,0.15929706708946265,0.3043700133472512,0,0,1,0,0,1,0,1,0,0,0,1,0,0,0,0,0,0,1,0,0,0
0.7900156893384529,0.9994343896240241,3.849610542637206,0.015334627641478207,0.9624026356593015,0.003833656910369552,16.0,0,0.37722029852316047,-0.6936542693825972,-0.8246940721542493,0,0,1,0,0,1,0,0,0,0,1,0,1,0,0,1,0,0,0,0,0,0
0.7179100158694782,0.9748983373999445,3.8045081589937295,0.017113338033645502,0.9511270397484324,0.0042783345084113755,16.0,1,0.5497082620085191,-0.9996457802245918,-0.7378429886541339,0,0,1,0,0,1,0,0,0,1,0,0,0,0,0,0,0,0,0,1,0,0
0.7509319796338464,0.9993506898146103,4.932853730297107,0.019769904133331528,0.9617043384038391,0.003854321172768227,35.0,1,-0.6577074823889909,-0.36968575727863545,-0.21673648765344133,0,0,1,0,0,1,0,1,0,0,0,0,0,0,1,0,0,0,0,0,0,0
0.7745085286615678,0.997895527159741,4.541166762878737,0.016632533345290693,0.9550524088766583,0.0034979867216044466,27.0,1,0.11848835329512263,1.6345586387364293,1.3465830153486362,0,0,1,0,0,1,0,0,0,0,0,0,0,0,1,0,0,0,0,0,0,0
0.819107179827683,0.9999740313334506,3.810492769250993,0.01965671185408646,0.9526231923127483,0.004914177963521615,16.0,1,-0.7439514641316702,-0.7322856976263991,-1.2589494896548263,0,0,1,0,0,1,0,0,0,0,0,0,0,0,0,0,0,0,1,0,0,0
0.7933733558484901,0.9946583178227808,4.420541181404711,0.022624539815476814,0.9641390045631599,0.004934509237953048,24.0,1,1.9296119698913876,-0.48519755262148845,0.8254765143479438,0,0,1,0,0,1,0,0,0,0,0,0,0,0,0,0,0,0,0,1,0,0
0.7656077043870683,0.9936167534536141,4.130049352971776,0.020614459746250265,0.9556034395522287,0.004769736861341168,20.0,1,1.4121480794353118,-0.9250603494568557,-0.7378429886541339,0,0,1,0,0,1,0,1,0,0,0,0,0,0,0,0,0,0,0,1,0,0
0.7674044165839726,0.996046287934431,3.4201028923810433,0.020811852252786305,0.9540135752307174,0.005805319371848294,12.0,1,-0.7439514641316702,-0.2572338770442025,0.3043700133472512,0,0,1,0,0,1,0,0,1,0,0,0,0,0,0,1,0,0,0,0,0,0
0.7674044165839726,0.99819587904281,3.449887298453169,0.01826271306686372,0.9623217251949457,0.0050942549784523455,12.0,1,0.8946841889792362,1.4176871554271653,0.3043700133472512,0,0,0,1,0,1,0,0,0,0,0,0,0,0,0,1,0,0,0,0,0,0
0.7490593447969769,0.9972253609153698,3.7895107143207243,0.015949915669083763,0.9473776785801811,0.003987478917270941,16.0,1,0.2909763167804812,1.5653280594084278,-0.8246940721542493,0,1,0,0,0,1,0,1,0,0,0,0,0,0,0,1,0,0,0,0,0,0
0.7239235920856688,0.994149171480893,3.399242916966318,0.01607375217091637,0.9481948322423239,0.004483659778221654,12.0,1,0.9809281707219155,1.988743812536038,1.3465830153486362,0,0,1,0,1,0,0,0,0,0,0,1,0,0,0,1,0,0,0,0,0,0
0.7933733558484901,0.9995123141215677,4.148876085996289,0.018606415681079454,0.9599595353990766,0.004305119213595897,20.0,1,-0.7439514641316702,2.3031500899261874,3.4310090193514067,0,0,0,1,1,0,0,0,0,0,0,0,1,0,0,0,0,0,0,1,0,0
0.8471460081459877,0.9970433402104208,4.158130540343876,0.01365714139354526,0.96210081450979,0.0031599649725086955,20.0,1,0.20473233503780192,-0.9285027539538281,-0.7378429886541339,0,1,0,0,0,1,0,1,0,0,0,1,0,0,0,0,0,0,1,0,0,0
0.7727448592131423,0.9906049558738163,4.379529040576047,0.025208304557885093,0.9551940806249132,0.0054980394177531824,24.0,0,-0.14024359193291522,-0.49475978733530074,1.3465830153486362,0,0,1,0,0,1,0,1,0,0,0,1,0,0,0,1,0,0,0,0,0,0
0.8356661472318525,0.9999740313334506,4.171005467443328,0.022145783699690953,0.9650797921366232,0.0051240518614570334,20.0,1,-0.9164394276170288,-0.9373000098905354,-0.7378429886541339,0,1,0,0,0,1,0,1,0,0,0,0,1,0,0,1,0,0,0,0,0,0
0.7158873656827772,0.9944066525627802,4.739390394760851,0.018490962676041566,0.9566416221384555,0.0037323839261826993,31.0,1,-0.22648757367559452,-0.21286510797211325,-0.7378429886541339,0,1,0,0,0,1,0,1,0,0,0,1,0,0,0,1,0,0,0,0,0,0
0.7638026659331062,0.9918796925533511,3.809910139216116,0.014607508592730148,0.952477534804029,0.003651877148182537,16.0,1,0.20473233503780192,1.0780365783925514,0.8254765143479438,0,0,1,0,0,1,0,1,0,0,0,0,0,0,0,0,0,0,0,1,0,0
0.7278876700230902,0.9909324035683699,3.8557248180956174,0.013359483046963888,0.9639312045239044,0.003339870761740972,16.0,1,0.11848835329512263,3.677051973606743,2.3887960173500216,0,0,0,1,0,1,0,0,0,1,0,0,0,0,0,0,0,0,0,1,0,0
0.8837219614915761,0.9703626255019485,5.035106160205298,0.015325946154625642,0.9594465905458671,0.002920380686540598,38.0,1,-0.05399961019023594,-0.4653081044167588,-0.9983962391544802,0,0,1,0,0,0,1,1,0,0,0,0,1,0,0,0,0,0,1,0,0,0
0.8499431123430718,0.9997662707810439,3.8379900358464303,0.013599618467694249,0.9594975089616076,0.003399904616923562,16.0,1,2.102099933376746,-0.422086803510327,0.3043700133472512,0,0,1,0,1,0,0,1,0,0,0,0,0,0,0,1,0,0,0,0,0,0
0.7357090792864718,0.9858150371789198,4.132747310810088,0.018361532685734698,0.9562276882160383,0.004248458623699814,20.0,1,0.8946841889792362,-0.49973214938648314,-0.4772897381537876,0,0,1,0,0,1,0,1,0,0,0,0,0,0,0,0,0,0,0,1,0,0
0.8540846597591107,0.9999740313334506,4.754607215634561,0.018400511950384852,0.9597131235324972,0.0037141265298282055,31.0,1,-1.0889273911023873,-0.7032165040964096,-0.7378429886541339,0,0,1,0,0,0,1,1,0,0,0,0,0,1,0,0,0,0,0,1,0,0
0.7849192945250534,0.9980485963165613,4.396748584579202,0.024578314464399755,0.9589497370780347,0.005360635874455648,24.0,1,-0.9164394276170288,0.6159893970211395,2.128242766849675,0,1,0,0,0,1,0,1,0,0,0,0,1,0,0,0,0,0,0,1,0,0
0.8800650696354069,0.9912540071703689,3.0693498630132585,0.008579343727968376,0.9682720763477708,0.002706481612045955,9.0,0,-1.0026834093597081,-0.9499221597127677,-0.7378429886541339,0,0,1,0,0,0,1,1,0,0,0,1,0,0,0,0,0,0,1,0,0,0
0.7337669895308355,0.9924820324406043,4.159235589859422,0.018887249988680868,0.9623564988921501,0.004370098153882659,20.0,1,-0.3127315554182738,-0.10997546245149258,-0.9115451556543647,0,0,1,0,0,1,0,0,1,0,0,0,0,0,0,1,0,0,0,0,0,0
0.731816079376955,0.9899325174518772,4.112410018597567,0.019717097262156626,0.9515220818833967,0.004562106733214967,20.0,0,-1.0026834093597081,-0.8428251309180695,-1.2589494896548263,0,0,1,0,0,1,0,1,0,0,0,0,0,0,0,0,0,0,0,1,0,0
0.7433898602242521,0.9974015885677396,4.78838706155541,0.007873886694695749,0.9665315545765045,0.0015893368371752996,31.0,1,0.4634642802658398,1.2153502688828965,0.3043700133472512,0,0,0,1,0,1,0,0,0,0,0,0,0,0,0,1,0,0,0,0,0,0
0.7527960664084545,0.9958294764724047,4.406408600249728,0.018036026302633183,0.9610566279564242,0.003933734746968238,24.0,1,-0.9164394276170288,-0.7166036326957468,-0.7378429886541339,0,0,1,0,0,1,0,1,0,0,0,0,0,0,0,0,0,0,0,1,0,0
0.8048764985440612,0.9990649315776107,3.437007157330572,0.01709473187277757,0.9587289006898061,0.004768454863708823,12.0,1,1.4121480794353118,-0.8412951733638596,-0.9983962391544802,0,0,1,0,0,1,0,0,0,1,0,0,0,0,0,0,0,1,0,0,0,0
0.7337669895308355,0.9949041692998883,4.567512228919824,0.021015599827958573,0.9605931216756677,0.004419789073536762,27.0,1,1.4983920611779913,0.6634180812016487,0.3043700133472512,0,0,1,0,1,0,0,1,0,0,0,1,0,0,0,1,0,0,0,0,0,0
0.7933733558484901,0.9999740313334506,4.395216561876763,0.009789254440018885,0.9586155963512137,0.0021350784087065403,24.0,0,-0.8301954458743496,2.9981333089260676,1.3465830153486362,0,0,0,1,0,1,0,1,0,0,0,0,0,0,0,0,0,0,1,0,0,0
0.7564987103663676,0.9924820324406043,4.1337186973445,0.015268488169929583,0.9564524458966577,0.003532795510409217,20.0,1,-0.05399961019023594,-0.17805857361383637,0.3043700133472512,0,0,0,1,0,1,0,1,0,0,0,0,0,0,0,1,0,0,0,0,0,0
0.7239235920856688,0.9933418121880535,4.160545709737733,0.021529286592725277,0.9626596320886186,0.004981407862429145,20.0,1,-0.7439514641316702,4.165873412176829,3.4310090193514067,0,0,0,1,0,1,0,1,0,0,0,0,1,0,0,1,0,0,0,0,0,0
0.675682186163725,0.9795438195294626,4.12608531707908,0.026903206097212407,0.9546862480104761,0.006224815755041742,20.0,1,-1.0026834093597081,-0.21669000185763818,1.6071362658489825,0,0,1,0,0,1,0,0,0,1,0,0,0,0,0,1,0,0,0,0,0,0
0.8687212463394046,0.9951442089848421,3.4557782508389936,0.020010088507973395,0.9639649648061379,0.005581673031153934,12.0,1,-1.1751713728450666,-0.016648051644684227,0.3043700133472512,0,0,1,0,0,0,1,0,1,0,0,0,1,0,0,0,0,0,0,1,0,0
0.8400260364931235,0.9999971146079947,3.870199987204438,0.022648416226542817,0.9675499968011095,0.005662104056635704,16.0,1,-0.3127315554182738,0.27825126692928803,0.3043700133472512,0,0,1,0,1,0,0,1,0,0,0,0,0,0,1,0,0,0,0,0,0,0
0.7745085286615678,0.9984730898903078,4.380872865238612,0.01916238549403034,0.9554871745514945,0.004179398520929297,24.0,1,-0.3127315554182738,0.5536436266870831,0.8254765143479438,0,0,1,0,0,1,0,1,0,0,0,1,0,0,0,0,0,0,1,0,0,0
0.7035587015314071,0.9858150371789198,3.832277305673235,0.020284927550370847,0.9580693264183088,0.005071231887592712,16.0,1,-0.48521951890363235,-0.5020270857177981,0.3043700133472512,0,0,0,1,0,1,0,1,0,0,0,1,0,0,0,0,0,0,0,1,0,0
0.8608440062015498,0.9936167534536142,3.448896632144101,0.016972372657045695,0.9620453858165368,0.004734323623645002,12.0,1,1.3259040976926326,-0.09314592935518287,0.3043700133472512,0,0,1,0,1,0,0,1,0,0,0,0,0,1,0,0,0,0,1,0,0,0
0.7638026659331062,0.996046287934431,4.189406695130424,0.014198723107485968,0.9693374353188092,0.0032852751817602837,20.0,0,-0.5714635006463117,-0.7429954005058689,0.3043700133472512,1,0,0,0,0,0,1,1,0,0,0,1,0,0,0,1,0,0,0,0,0,0
0.7691928290130137,0.9990649315776107,3.8603276156198065,0.016955401174398983,0.9650819039049516,0.004238850293599746,16.0,1,0.6359522437511983,-0.23734442883947282,-0.21673648765344133,0,0,1,0,0,1,0,1,0,0,0,0,0,0,0,0,0,0,1,0,0,0
0.7983504203079477,0.9972253609153698,4.385218947110913,0.013440634866231675,0.9564350736611639,0.002931460151335526,24.0,0,0.37722029852316047,-0.8573597276830643,-0.9115451556543647,0,0,1,0,0,1,0,0,0,0,0,0,0,0,0,0,0,1,0,0,0,0
0.7199235808145241,0.9873944843383377,4.3951020228781035,0.01625257500249753,0.9585906149040063,0.003544756363861455,24.0,0,1.6708800246633497,-0.5861747511993466,0.3043700133472512,0,0,1,0,0,1,0,1,0,0,0,1,0,0,0,0,0,0,0,1,0,0
0.682259792596041,0.9912540071703689,4.417017543440465,0.017886142652142136,0.9633704839997546,0.003901044479497697,24.0,0,-0.3989755371609531,2.459588249844157,1.3465830153486362,0,0,1,0,0,1,0,1,0,0,0,0,0,0,0,0,0,0,0,1,0,0
0.6437935214851035,0.9499011703918125,4.51944994742152,0.024281957205328213,0.9504851472017319,0.005106736425263474,27.0,1,0.03224437155244334,-0.851622386854777,1.3465830153486362,0,0,1,0,0,1,0,0,0,1,0,0,0,0,0,1,0,0,0,0,0,0
0.7278876700230902,0.9899325174518772,4.169115873665685,0.013958709976491306,0.9646425813047547,0.0032297413723758467,20.0,1,-0.3989755371609531,-0.6664975227953702,0.3043700133472512,0,0,1,0,0,1,0,1,0,0,0,0,0,0,0,1,0,0,0,0,0,0
0.7762640017033955,0.9962572968375276,4.144607753819729,0.017129043101874276,0.9589719363268923,0.003963287386048182,20.0,1,-0.5714635006463117,-0.7774194454755933,-0.7378429886541339,0,0,1,0,0,1,0,1,0,0,0,0,1,0,0,0,0,0,0,1,0,0
0.8016291015856118,0.9991659615315873,3.8414766647355285,0.019072559215177427,0.9603691661838821,0.004768139803794357,16.0,1,-0.8301954458743496,-0.899816049812391,-1.2589494896548263,0,1,0,0,0,1,0,0,0,0,0,0,0,0,0,1,0,0,0,0,0,0
0.7727448592131423,0.9983373765218819,4.420298367201985,0.01975018456764247,0.9640860457433901,0.004307600021709222,24.0,1,-1.0889273911023873,-0.23543198189671036,0.5649232638475975,0,1,0,0,0,1,0,0,0,1,0,0,1,0,0,0,0,0,0,1,0,0
0.7691928290130137,0.9958294764724047,4.147927574744892,0.026921949411672454,0.9597400705605665,0.006229152549650186,20.0,1,-0.14024359193291522,-0.27559336769472215,-1.172098406154711,0,0,1,0,0,1,0,1,0,0,0,0,1,0,0,0,0,0,0,1,0,0
0.8356661472318525,0.9997114417528099,4.391773529544455,0.011611516395480755,0.9578646562220923,0.002532521562314715,24.0,1,-0.48521951890363235,-0.43356148516690185,-0.7378429886541339,0,0,1,0,0,0,1,1,0,0,0,0,1,0,0,1,0,0,0,0,0,0
0.731816079376955,0.9909324035683699,4.428838623436529,0.02302413980394138,0.9659487122828004,0.005021663710514529,24.0,1,-1.3476593363304252,-0.9415073931646128,-0.7378429886541339,0,0,1,0,0,1,0,0,1,0,0,1,0,0,0,0,0,0,0,1,0,0
0.7916985001248851,0.9972253609153698,4.73507524272716,0.018442966969448332,0.9557706126419921,0.0037226960366469933,31.0,1,0.9809281707219155,-0.04533475578612122,0.8254765143479438,0,0,1,0,0,1,0,1,0,0,0,0,0,1,0,0,0,0,0,1,0,0
0.7118146702143195,0.9819165980553664,3.8433166306756803,0.025083091210328,0.9608291576689201,0.006270772802582,16.0,1,-0.05399961019023594,-0.14631195436397942,-0.9983962391544802,0,0,1,0,0,1,0,0,1,0,0,0,0,0,0,0,0,0,0,1,0,0
0.7966992933903274,0.9988455359952018,4.146506416966221,0.0163384371189681,0.9594112456131196,0.0037803583864099276,20.0,0,0.11848835329512263,1.7401257099769174,2.3887960173500216,0,0,1,0,0,0,1,1,0,0,0,1,0,0,1,0,0,0,0,0,0,0
0.8096893113439168,0.9988455359952018,3.8492673518243192,0.01492212620761786,0.9623168379560798,0.003730531551904465,16.0,1,1.5846360429206705,-0.9250603494568557,0.3043700133472512,0,0,1,0,0,1,0,0,0,0,0,0,0,0,0,1,0,0,0,0,0,0
0.8267463724926178,0.9992612140227841,4.132427486300548,0.024026369715637496,0.956153687792496,0.005559178493519959,20.0,0,-1.0026834093597081,-0.7261658674095591,-1.0852473226545956,0,0,1,0,0,1,0,1,0,0,0,0,1,0,0,0,0,0,1,0,0,0
0.8471460081459877,1.0,3.8315136252924504,0.014391553661174393,0.9578784063231126,0.003597888415293598,16.0,1,1.8433679881487084,-0.34826635151969587,1.3465830153486362,0,0,1,0,1,0,0,1,0,0,0,0,1,0,0,1,0,0,0,0,0,0
0.8513308265508037,0.9986030202378096,4.186516133733095,0.015143346997617952,0.9686686223876668,0.0035038405695670327,20.0,0,-0.7439514641316702,-0.38383786465507774,-0.9115451556543647,0,0,1,0,0,0,1,0,0,0,0,1,0,0,0,0,0,0,1,0,0,0
0.7709729679004811,0.9944066525627802,3.8476966848276986,0.0152315065941856,0.9619241712069246,0.0038078766485464,16.0,1,-0.5714635006463117,-0.0916159718009729,0.3043700133472512,0,0,1,0,0,1,0,0,1,0,0,0,1,0,0,0,0,0,0,1,0,0
0.7950402793845223,0.9998961234639353,4.596524973947686,0.016002542438775726,0.9666947896992879,0.003365493385804507,27.0,1,0.20473233503780192,-0.6274836051630159,-0.7378429886541339,0,1,0,0,0,1,0,1,0,0,0,0,0,0,0,1,0,0,0,0,0,0
0.9228919718923305,0.9765004687578239,4.373091920341787,0.015550734796405707,0.9537901170737939,0.003391682002624832,24.0,0,-0.22648757367559452,-0.36318343767324307,-0.4772897381537876,0,1,0,0,0,0,1,0,0,0,0,0,0,0,0,0,0,0,1,0,0,0
0.7780113035465376,0.9993506898146103,3.8783164233801948,0.010143918049980431,0.9695791058450487,0.002535979512495108,16.0,1,1.153416134207274,-0.8022812557315053,-0.9115451556543647,0,0,1,0,0,1,0,1,0,0,0,1,0,0,0,1,0,0,0,0,0,0
0.7433898602242521,0.9895875212220556,4.111701029999095,0.018837904244874002,0.9513580373683318,0.004358680623853578,20.0,1,-0.7439514641316702,-0.565520324217512,-0.7378429886541339,0,0,1,0,0,1,0,1,0,0,0,1,0,0,0,0,0,0,1,0,0,0
0.7691928290130137,0.9964625048848765,4.188368964146443,0.025108344127645246,0.9690973269779952,0.0058095237996549105,20.0,1,-0.7439514641316702,0.3383021009320295,0.3043700133472512,0,0,1,0,0,1,0,1,0,0,0,1,0,0,0,0,0,0,1,0,0,0
0.819107179827683,0.999953833266239,3.8507753413341907,0.016293738220076223,0.9626938353335477,0.004073434555019056,16.0,1,0.9809281707219155,-0.736875570289029,-1.2589494896548263,0,0,0,1,0,1,0,1,0,0,0,0,1,0,0,1,0,0,0,0,0,0
0.8457365854914223,0.997895527159741,3.8155687515418535,0.020641546625855985,0.9538921878854634,0.005160386656463996,16.0,1,-0.8301954458743496,0.168859301803275,-0.9983962391544802,0,0,1,0,0,0,1,0,1,0,0,0,0,0,0,1,0,0,0,0,0,0
0.7727448592131423,0.99819587904281,3.41684923880008,0.014071997180420763,0.9531059915167152,0.003925284344700972,12.0,1,-0.3989755371609531,1.1377049230067404,2.3887960173500216,0,0,1,0,1,0,0,1,0,0,0,0,0,0,0,0,0,1,0,0,0,0
0.7357090792864718,0.9885173903891562,4.146812524849991,0.015498231150093272,0.9594820723083004,0.003585953030645497,20.0,1,0.03224437155244334,-0.7166036326957468,-0.4772897381537876,0,0,1,0,0,1,0,0,0,1,0,0,0,0,0,0,1,0,0,0,0,0
0.8634979738266906,0.9944066525627802,3.872680381173636,0.01724772018741107,0.968170095293409,0.004311930046852768,16.0,0,1.8433679881487084,0.1860713242881372,0.8254765143479438,0,0,1,0,0,0,1,0,0,0,1,1,0,0,0,0,0,0,1,0,0,0
0.7674044165839726,0.9972253609153698,3.812664920663413,0.019283616360944143,0.9531662301658532,0.004820904090236036,16.0,1,2.5333198420901426,-0.8435901096951746,-0.7378429886541339,0,0,1,0,0,1,0,0,0,0,0,0,0,0,0,0,0,0,0,1,0,0
0.8443198937773437,0.9980485963165613,3.820990421487415,0.02002681799014404,0.9552476053718537,0.00500670449753601,16.0,1,-0.05399961019023594,0.32147256783571976,0.04381676284690494,0,0,1,0,0,1,0,0,0,0,0,0,1,0,0,0,0,0,1,0,0,0
0.7433898602242521,0.9930610464600562,3.0279351760795334,0.020363860676986773,0.955207197237104,0.0064240827993473845,9.0,1,1.0671721524645947,-0.7854517226351956,-0.7378429886541339,0,0,1,0,0,1,0,1,0,0,0,1,0,0,0,1,0,0,0,0,0,0
0.8471460081459877,0.9977366703420345,3.4650178361389115,0.025715449651152376,0.9665422819462922,0.007173143274435763,12.0,0,-1.1751713728450666,-0.6768247362862875,-0.9983962391544802,0,0,1,0,0,0,1,1,0,0,0,1,0,0,0,0,0,0,0,1,0,0
0.7780113035465376,0.9912540071703689,3.831023202015954,0.016332295045073112,0.9577558005039885,0.004083073761268278,16.0,1,-0.48521951890363235,4.224011799236808,1.6071362658489825,0,0,0,1,0,1,0,0,0,0,0,1,0,0,0,0,0,0,1,0,0,0
0.8687212463394046,0.9946583178227809,3.8134243928503566,0.018454582671094562,0.9533560982125892,0.004613645667773641,16.0,1,-0.8301954458743496,0.43468942684725775,0.8254765143479438,0,1,0,0,0,1,0,0,1,0,0,0,0,0,1,0,0,0,0,0,0,0
0.7619892744665404,0.989236669894532,3.798536841165724,0.016399569020736783,0.949634210291431,0.004099892255184196,16.0,1,-0.22648757367559452,-0.040744883123491296,-0.4772897381537876,0,0,1,0,0,1,0,1,0,0,0,0,0,0,0,1,0,0,0,0,0,0
0.8750927867718321,0.9849900098451574,4.178568792438428,0.013163143353783978,0.9668297807595361,0.0030456645887643025,20.0,1,0.4634642802658398,-0.6374283292653807,0.3043700133472512,0,1,0,0,0,0,1,0,1,0,0,0,0,0,0,1,0,0,0,0,0,0
0.7471781328795917,0.9930610464600562,4.380728800162489,0.02003036580761854,0.955455753340067,0.004368708752681833,24.0,1,-0.3989755371609531,0.1971635165561595,-0.7378429886541339,0,0,1,0,0,1,0,0,0,0,1,1,0,0,0,1,0,0,0,0,0,0
0.7619892744665404,0.9989581233509567,3.844174826963519,0.008886467144677205,0.9610437067408798,0.002221616786169301,16.0,1,-0.7439514641316702,2.993160946874885,2.3887960173500216,0,0,1,0,0,1,0,0,0,0,1,0,1,0,0,0,0,0,0,1,0,0
0.8400260364931235,0.9980485963165613,3.4188543367352104,0.02339963401727617,0.9536652994410593,0.006527162839937405,12.0,1,0.03224437155244334,0.29431582124849276,-0.8246940721542493,0,0,1,0,0,0,1,1,0,0,0,1,0,0,0,1,0,0,0,0,0,0
0.7780113035465376,0.9998153271549207,3.4233679770141583,0.021942848681953526,0.9549243475560786,0.006120802847321141,12.0,1,0.8946841889792362,-0.30122015672773916,1.3465830153486362,0,0,1,0,0,1,0,1,0,0,0,1,0,0,0,0,0,0,1,0,0,0
0.8297494277867028,0.9988455359952018,3.872667619279091,0.019394318008493002,0.9681669048197727,0.0048485795021232505,16.0,1,0.4634642802658398,-0.21248261858356077,0.04381676284690494,0,1,0,0,0,1,0,0,0,1,0,0,0,0,1,0,0,0,0,0,0,0
0.7118146702143195,0.9814538950336537,3.8098095085177364,0.014471495579046718,0.9524523771294341,0.0036178738947616794,16.0,0,0.20473233503780192,-0.6129490083980211,0.3043700133472512,0,0,1,0,0,1,0,1,0,0,0,0,0,0,0,0,0,0,0,1,0,0
0.7709729679004811,0.9984730898903078,3.46122453924306,0.020262239727870727,0.9654841685364339,0.00565200883518161,12.0,1,2.360831878604784,4.062218787879104,3.4310090193514067,0,0,0,1,1,0,0,0,0,0,0,0,0,0,0,1,0,0,0,0,0,0
0.7656077043870683,0.9949041692998883,3.8561855822232642,0.0222375664727145,0.9640463955558161,0.005559391618178625,16.0,1,-1.0026834093597081,0.9407228879022063,4.473222021352791,0,0,1,0,0,1,0,0,1,0,0,0,1,0,0,0,0,0,0,1,0,0
0.7983504203079477,0.9966619137320387,5.032802333057971,0.016012310253783756,0.9590075930289566,0.003051168335074214,38.0,0,-1.1751713728450666,-0.5605479621663296,-0.9983962391544802,0,0,1,0,0,1,0,1,0,0,0,0,1,0,0,0,0,0,0,1,0,0
0.7638026659331062,0.9912540071703689,3.8355864836223423,0.012868504985420528,0.9588966209055856,0.003217126246355132,16.0,1,-0.3989755371609531,-0.6791196726176025,-0.4772897381537876,0,0,1,0,0,1,0,1,0,0,0,0,0,0,0,0,0,0,0,1,0,0
0.8471460081459877,0.9951442089848421,3.8407763590570676,0.017834540844360296,0.9601940897642669,0.004458635211090074,16.0,1,0.7221962254938776,0.0950388498126438,-1.2589494896548263,0,0,0,1,0,0,1,1,0,0,0,1,0,0,0,0,0,0,1,0,0,0
0.8096893113439168,0.9993506898146103,4.764165369207335,0.021591603187898892,0.9616424281005731,0.004358245381320558,31.0,1,-0.6577074823889909,-1.0141803769895865,-1.2589494896548263,0,1,0,0,0,1,0,1,0,0,0,0,1,0,0,0,0,0,0,1,0,0
0.8064885192927098,0.9999278640456615,3.8392131547343253,0.022296931972558172,0.9598032886835813,0.005574232993139543,16.0,1,-0.7439514641316702,-0.30963492327589404,-0.4772897381537876,0,0,1,0,0,1,0,0,0,1,0,0,1,0,1,0,0,0,0,0,0,0
0.8206501291977117,0.9992612140227841,4.149531569965448,0.011229899479066462,0.9601112001086154,0.002598354075430119,20.0,1,0.2909763167804812,2.409864629332333,2.909902518350714,0,1,0,0,0,1,0,0,0,0,0,0,0,0,0,1,0,0,0,0,0,0
0.8267463724926178,0.997895527159741,3.867525032456706,0.016776697929131706,0.9668812581141765,0.0041941744822829264,16.0,1,2.360831878604784,-0.566285302994617,-0.7378429886541339,0,1,0,0,0,1,0,1,0,0,0,0,0,0,0,0,0,0,0,1,0,0
0.8080927832245586,0.9995123141215677,3.4495469223782074,0.01929208750109184,0.9622267796899665,0.005381391715313899,12.0,0,-1.0889273911023873,-0.8259955978217599,-0.21673648765344133,0,1,0,0,0,1,0,1,0,0,0,1,0,0,0,1,0,0,0,0,0,0
0.832722637493494,0.9958294764724046,3.863140589702953,0.013982315660417887,0.9657851474257383,0.003495578915104472,16.0,1,0.11848835329512263,0.31114535434480245,-0.9115451556543647,0,1,0,0,0,1,0,1,0,0,0,0,0,1,0,1,0,0,0,0,0,0
0.7900156893384529,0.9996508396313202,3.869509443011244,0.018386208118126298,0.967377360752811,0.0045965520295315745,16.0,1,-1.1751713728450666,0.26639409588416074,0.8254765143479438,0,0,1,0,0,1,0,1,0,0,0,0,1,0,0,0,0,0,1,0,0,0
0.7118146702143195,0.9743523445292506,3.85711140004912,0.024421617409228664,0.96427785001228,0.006105404352307166,16.0,1,1.4121480794353118,-1.0700238277182506,-1.2589494896548263,0,0,1,0,0,1,0,0,0,1,0,1,0,0,0,0,0,0,0,1,0,0
0.7298563169471575,0.9944066525627802,4.107385868520494,0.023674226410254517,0.9503596030159175,0.00547770020474426,20.0,1,0.11848835329512263,2.7105012887345925,2.3887960173500216,0,0,1,0,0,1,0,0,0,0,0,0,0,0,0,0,0,0,0,1,0,0
0.7797504591523331,0.9936167534536141,3.8374947069803818,0.023792021852522476,0.9593736767450954,0.005948005463130619,16.0,1,-0.22648757367559452,-0.023532860638629104,-0.9983962391544802,0,0,1,0,0,1,0,0,0,0,0,0,0,0,0,0,0,0,0,1,0,0
0.7691928290130137,0.9998586112670831,4.414780272726186,0.018710017010437178,0.962882525654637,0.0040807350130986405,24.0,0,0.20473233503780192,3.7638770648081588,-0.21673648765344133,0,0,0,1,1,0,0,1,0,0,0,0,1,0,0,1,0,0,0,0,0,0
0.9179621399872384,0.9858150371789198,4.149217154610214,0.025424565764711183,0.9600384512455316,0.00588269059700166,20.0,1,-0.8301954458743496,-0.171556254008444,-0.4772897381537876,0,0,1,0,0,0,1,1,0,0,0,0,0,1,1,0,0,0,0,0,0,0
0.7916985001248851,0.9998586112670831,4.404935180588771,0.01976982865688752,0.9607352688044735,0.004311884481885713,24.0,1,-0.14024359193291522,1.2972029980331299,3.4310090193514067,0,0,1,0,1,0,0,0,0,0,0,0,0,0,0,1,0,0,0,0,0,0
0.7158873656827772,0.972108503637691,3.7904614424422602,0.013728461391607716,0.9476153606105651,0.003432115347901929,16.0,1,0.20473233503780192,-0.8917837726527887,-0.7378429886541339,0,0,1,0,0,1,0,1,0,0,0,0,0,0,0,0,0,0,0,1,0,0
0.7414827399312736,0.9958294764724047,4.7625168594577225,0.016000627572575803,0.9613096779133921,0.003229712060264778,31.0,1,0.2909763167804812,2.7391879928760297,2.3887960173500216,0,0,1,0,1,0,0,1,0,0,0,1,0,0,0,1,0,0,0,0,0,0
0.6930283686032682,0.9780489236102555,3.4008406634556785,0.013350708920882748,0.9486405123544696,0.003724086072921858,12.0,1,-0.14024359193291522,-0.311929859607209,-0.21673648765344133,0,0,1,0,0,1,0,1,0,0,0,0,0,0,0,0,0,0,0,1,0,0
0.8159984789708665,0.9999740313334506,4.597024911532403,0.025433609010059175,0.9667999315316631,0.005348940221716484,27.0,1,1.2396601159499534,1.1813087133017246,2.3887960173500216,0,0,1,0,1,0,0,1,0,0,0,0,1,0,0,0,0,1,0,0,0,0
0.7983504203079477,0.9999971146079947,4.397142843343685,0.02011200989977944,0.9590357266067213,0.0043865156795974075,24.0,1,1.5846360429206705,-0.6603776925785303,-0.7378429886541339,0,0,1,0,0,1,0,1,0,0,0,1,0,0,0,1,0,0,0,0,0,0
0.8144326879441559,0.9995123141215677,3.455355580695368,0.012003618761506223,0.9638470639512363,0.003348324775807704,12.0,1,-0.22648757367559452,-0.8359403219241247,-0.4772897381537876,0,0,1,0,0,0,1,1,0,0,0,1,0,0,0,1,0,0,0,0,0,0
0.8221855039190835,0.9993506898146103,4.177175706756884,0.011640788113247352,0.966507451083762,0.0026934247534145216,20.0,0,1.4121480794353118,-0.38345537526652523,-0.7378429886541339,0,0,0,1,1,0,0,0,0,0,0,0,0,0,0,1,0,0,0,0,0,0
0.7691928290130137,0.9944066525627802,3.401878344922346,0.019553272970891784,0.9489299662794297,0.005454247559621172,12.0,1,1.7571240064060292,-0.9629267989235525,-0.7378429886541339,0,0,1,0,0,1,0,1,0,0,0,0,0,0,0,0,0,0,0,1,0,0
0.8175566363115494,0.999953833266239,4.389074895420376,0.01763056904817188,0.9572760725371321,0.0038453027795535633,24.0,1,2.619563823832822,-0.6156264341178886,-0.7378429886541339,0,0,0,1,1,0,0,1,0,0,0,1,0,0,0,1,0,0,0,0,0,0
0.7745085286615678,0.9991659615315873,3.836942427869713,0.010230160739307416,0.9592356069674283,0.002557540184826854,16.0,0,0.11848835329512263,-0.7120137600331169,-0.7378429886541339,0,1,0,0,0,1,0,1,0,0,0,1,0,0,0,1,0,0,0,0,0,0
0.7866261099706012,0.9997662707810439,3.467093298301866,0.020544089633464095,0.9671212174756137,0.005730628878079314,12.0,1,0.37722029852316047,0.3073204604592775,-0.8246940721542493,0,1,0,0,0,1,0,1,0,0,0,1,0,0,0,1,0,0,0,0,0,0
0.7509319796338464,0.9988455359952018,4.396344678365744,0.021271872255336867,0.95886164339932,0.004639486637456926,24.0,1,0.5497082620085191,0.11875319190289838,1.3465830153486362,0,0,1,0,0,1,0,1,0,0,0,1,0,0,0,0,0,0,1,0,0,0
0.7966992933903274,0.9990649315776107,4.144838029815349,0.021389102813505693,0.9590252171752921,0.004948972390079331,20.0,1,-0.14024359193291522,1.0191332125554675,1.3465830153486362,0,0,1,0,0,1,0,1,0,0,0,0,1,0,0,1,0,0,0,0,0,0
0.8206501291977117,0.9997114417528099,4.187386691357323,0.019699326077718123,0.9688700504552132,0.004557994868313861,20.0,1,0.4634642802658398,-0.9460972658272427,-1.2589494896548263,0,1,0,0,0,1,0,1,0,0,0,1,0,0,0,1,0,0,0,0,0,0
0.7138555955076475,0.9984730898903078,3.817352152345505,0.01813451827205354,0.9543380380863763,0.004533629568013385,16.0,0,0.37722029852316047,1.7374482842570498,1.3465830153486362,0,0,1,0,0,1,0,0,0,1,0,0,0,0,0,0,0,0,1,0,0,0
0.8237133233102514,0.9994343896240241,4.413629667114639,0.01706071319704601,0.962631573632376,0.003721014772609953,24.0,1,-0.14024359193291522,-0.19641806426435604,-0.21673648765344133,0,0,1,0,0,1,0,0,1,0,0,0,1,0,1,0,0,0,0,0,0,0
0.8128592431848387,0.9991659615315873,3.8141321377057915,0.02393265274439413,0.9535330344264479,0.005983163186098532,16.0,0,-0.05399961019023594,-0.590382134473424,-0.7378429886541339,0,0,1,0,0,1,0,0,0,0,1,0,0,0,0,0,0,0,1,0,0,0
0.7638026659331062,0.9986030202378096,4.5652987843813735,0.026077710681086955,0.9601276123366048,0.0054844011912419804,27.0,1,0.03224437155244334,3.455208128246297,2.3887960173500216,0,0,0,1,1,0,0,0,0,0,0,0,1,0,0,1,0,0,0,0,0,0
0.7395669234392042,0.997895527159741,3.4177818630794703,0.019732663089291818,0.953366140480394,0.005504287167668383,12.0,1,1.0671721524645947,2.3490488165524863,0.3043700133472512,0,0,1,0,1,0,0,0,0,0,0,0,0,0,0,1,0,0,0,0,0,0
0.8221855039190835,0.9998153271549207,3.4200718933098733,0.02174246355946697,0.9540049282584928,0.00606490683099007,12.0,0,-0.6577074823889909,-0.9143506465773859,-0.9983962391544802,0,1,0,0,0,1,0,1,0,0,0,0,0,1,0,0,0,0,0,1,0,0
0.7546516338427501,0.9930610464600562,4.122784267055156,0.024555057481855533,0.9539224569543892,0.005681505324186896,20.0,1,-0.3127315554182738,-0.1811184887222563,-0.21673648765344133,0,0,1,0,0,1,0,0,0,0,0,0,0,0,0,1,0,0,0,0,0,0
0.7983504203079477,0.9944066525627802,3.844146693613895,0.015755294781940474,0.9610366734034738,0.003938823695485118,16.0,0,-0.9164394276170288,-0.7380230384546864,-0.9983962391544802,0,0,1,0,0,1,0,1,0,0,0,0,1,0,0,0,0,0,0,1,0,0
0.8144326879441559,0.9996508396313202,4.763658471063501,0.013501792163486806,0.9615401111732499,0.002725324415421161,31.0,0,-0.48521951890363235,-0.8321154280385997,-0.4772897381537876,0,0,1,0,0,1,0,0,0,0,1,0,0,0,0,0,0,0,1,0,0,0
0.7179100158694782,0.9885173903891562,3.8416276319615483,0.02388774308711039,0.9604069079903871,0.005971935771777598,16.0,0,-1.1751713728450666,-0.9158806041315958,-0.7378429886541339,0,0,1,0,0,1,0,0,1,0,0,1,0,0,0,0,1,0,0,0,0,0
0.7709729679004811,0.9998961234639353,4.145151007236927,0.016236509508684334,0.9590976333318558,0.0037567745580708227,20.0,1,-0.5714635006463117,3.13353455247365,0.3043700133472512,0,0,0,1,0,1,0,1,0,0,0,0,1,0,0,0,0,0,0,0,0,1
0.8700095114529596,0.9949041692998883,4.424185318682197,0.01783145902312836,0.9649338065439638,0.0038891177453084292,24.0,1,1.6708800246633497,-0.6045342418498663,-0.7378429886541339,0,0,1,0,1,0,0,0,0,0,1,0,0,0,0,0,0,0,0,0,1,0
0.8775927477962673,0.9949041692998883,4.420901810207078,0.008873367451333419,0.9642176592527697,0.0019353195255005404,24.0,1,0.03224437155244334,-0.7116312706445644,0.3043700133472512,0,0,1,0,0,1,0,0,0,0,1,0,0,1,1,0,0,0,0,0,0,0
0.8513308265508037,0.9990649315776107,4.793729749905231,0.019049875972649562,0.967609971339809,0.0038452000645816126,31.0,1,-0.5714635006463117,-0.47219291341070363,0.3043700133472512,0,0,0,1,0,0,1,0,1,0,0,0,0,0,0,0,0,0,0,1,0,0
0.7849192945250534,0.9997662707810439,3.83592545230393,0.020678369391427958,0.9589813630759825,0.0051695923478569895,16.0,1,2.102099933376746,-0.7407004641745539,0.3043700133472512,0,1,0,0,0,1,0,1,0,0,0,1,0,0,0,1,0,0,0,0,0,0
0.819107179827683,0.9998961234639353,5.03810202454329,0.024886723054431032,0.9600174567269107,0.0047422002286957796,38.0,1,0.5497082620085191,-0.6427831807051156,-1.4326516566550573,0,1,0,0,0,1,0,1,0,0,0,0,0,0,0,1,0,0,0,0,0,0
0.8621745299412249,0.9845686584264312,4.550787791633143,0.018889614290153144,0.9570758066436985,0.003972673229715398,27.0,1,-0.3127315554182738,3.2987699683283274,1.6071362658489825,0,0,1,0,0,0,1,0,1,0,0,0,1,0,0,0,0,1,0,0,0,0
0.8016291015856118,0.9989581233509567,4.772709022834514,0.012632814829689743,0.963366956781293,0.002549922134333695,31.0,1,-0.8301954458743496,-0.8523873656318819,-1.0852473226545956,0,0,1,0,0,1,0,1,0,0,0,0,1,0,1,0,0,0,0,0,0,0
0.7849192945250534,0.9984730898903078,3.837144355964777,0.0196944466739262,0.9592860889911943,0.00492361166848155,16.0,1,0.37722029852316047,-0.44312371988071414,1.3465830153486362,0,0,0,1,0,1,0,0,0,0,0,1,0,0,0,0,0,1,0,0,0,0
0.7219280948873623,0.994149171480893,3.801337067085032,0.021076709384300972,0.950334266771258,0.005269177346075243,16.0,1,0.2909763167804812,-0.23466700311960537,0.8254765143479438,0,0,1,0,0,1,0,1,0,0,0,1,0,0,0,0,0,0,0,1,0,0
0.7357090792864718,0.9819165980553664,3.4046287686584753,0.010782454365552632,0.9496971775781742,0.0030076895820761204,12.0,1,-0.3127315554182738,-0.16773136012291906,-0.9983962391544802,0,0,1,0,0,1,0,1,0,0,0,0,0,0,0,0,0,0,0,1,0,0
0.8112781244591328,0.9996508396313202,4.778663898148395,0.026536402427839657,0.9645689429241102,0.005356348591234458,31.0,1,-0.7439514641316702,-0.6986266314337797,-0.9115451556543647,0,1,0,0,0,1,0,0,0,0,0,0,0,0,0,1,0,0,0,0,0,0
0.7219280948873623,0.9953784388202257,3.3752618509730006,0.019901788157522835,0.9415054830542937,0.00555146341238418,12.0,1,-1.0889273911023873,4.367827809332546,-1.2589494896548263,1,0,0,0,0,1,0,0,0,0,0,0,1,0,0,1,0,0,0,0,0,0
0.8471460081459877,0.9944066525627802,3.035546880006429,0.02042761483927124,0.9576084224785315,0.0064441949982970165,9.0,0,-1.0889273911023873,1.183221160244487,1.3465830153486362,0,1,0,0,0,0,1,1,0,0,0,1,0,0,0,0,0,0,1,0,0,0
0.7601675029619656,0.989236669894532,4.141751749154572,0.01817006044726593,0.9583111190706919,0.004204156119293195,20.0,0,-0.6577074823889909,-0.504322022049113,-0.21673648765344133,0,0,1,0,0,1,0,1,0,0,0,0,0,0,0,0,0,0,1,0,0,0
0.7278876700230902,0.9895875212220556,4.429492372251977,0.01857942478927712,0.9660912977053302,0.004052252289163733,24.0,0,-0.7439514641316702,-0.004790880599556936,0.3043700133472512,0,0,1,0,0,1,0,1,0,0,0,1,0,0,0,1,0,0,0,0,0,0
0.8608440062015498,0.9986030202378096,3.8766897200364583,0.015550444020122641,0.9691724300091146,0.0038876110050306604,16.0,0,1.5846360429206705,0.16541689730630255,-0.4772897381537876,0,0,0,1,0,0,1,1,0,0,0,0,0,0,0,0,0,0,0,1,0,0
0.7564987103663676,0.9888799605926126,4.523297377885406,0.022602925815820574,0.951294299986553,0.004753619471656531,27.0,1,0.20473233503780192,-0.4633956574739963,-0.9115451556543647,0,0,1,0,0,1,0,1,0,0,0,0,0,0,0,0,0,0,0,1,0,0
0.8568098051241517,0.9999884584088952,3.8322964532225177,0.013489049584292903,0.9580741133056294,0.003372262396073226,16.0,0,-1.1751713728450666,-1.0336873358057637,-0.21673648765344133,0,0,1,0,0,0,1,1,0,0,0,0,0,0,0,0,0,0,0,1,0,0
0.7674044165839726,0.9998586112670831,4.119687280341405,0.022264141365255855,0.9532058817023822,0.005151437246629165,20.0,1,0.5497082620085191,1.8935039547864672,1.3465830153486362,0,0,0,1,0,1,0,0,1,0,0,0,1,0,0,1,0,0,0,0,0,0
0.8581616590006764,0.9953784388202257,3.4275353281214462,0.024715488272090122,0.9560868007495082,0.006894211101822762,12.0,0,-1.0026834093597081,0.44845904483514754,2.3887960173500216,0,0,1,0,0,0,1,1,0,0,0,1,0,0,1,0,0,0,0,0,0,0
0.7414827399312736,0.9958294764724047,4.39903771375216,0.015399688421994602,0.9594490059755666,0.0033587381400769245,24.0,0,-1.0026834093597081,-0.37695305566113285,0.8254765143479438,0,0,1,0,0,1,0,1,0,0,0,0,1,0,0,1,0,0,0,0,0,0
0.7056366064601749,0.9819165980553664,3.3996849372075837,0.02585302281614002,0.9483181306704598,0.007211518338319983,12.0,0,-1.0026834093597081,0.02083590843346011,-0.21673648765344133,0,0,1,0,0,1,0,1,0,0,0,1,0,0,0,0,0,0,0,1,0,0
0.8159984789708665,0.9998153271549207,4.138954386067305,0.019775575022386905,0.9576638701980011,0.004575637212886655,20.0,1,1.4983920611779913,1.808973799916366,-0.7378429886541339,0,0,0,1,1,0,0,1,0,0,0,1,0,0,0,0,0,0,1,0,0,0
0.7452883145630643,0.9845686584264312,3.8530728821687794,0.024640996061624038,0.9632682205421949,0.006160249015406009,16.0,1,-0.5714635006463117,-0.7521751458311287,-0.21673648765344133,0,0,1,0,0,1,0,0,0,0,0,0,0,0,0,0,0,0,0,1,0,0
0.7762640017033955,0.9995844639313985,4.1671469571886615,0.019700246144814238,0.9641870169284399,0.0045582077517945544,20.0,1,-0.3989755371609531,-0.6079766463468388,-0.9115451556543647,0,1,0,0,0,1,0,1,0,0,0,0,0,0,0,1,0,0,0,0,0,0
0.7762640017033955,0.9995844639313985,3.864330652162799,0.01822105002254378,0.9660826630406998,0.004555262505635945,16.0,0,-0.05399961019023594,2.9017459830108394,2.301944933849906,0,1,0,0,0,1,0,1,0,0,0,1,0,0,0,1,0,0,0,0,0,0
0.9267197214533209,0.9814538950336535,3.8472803525653063,0.01964215067964404,0.9618200881413266,0.00491053766991101,16.0,0,-0.14024359193291522,-0.04533475578612122,-0.7378429886541339,0,0,0,1,0,0,1,1,0,0,0,0,1,0,0,0,0,0,1,0,0,0
0.7077052118041788,0.9832692110965187,4.378100558047161,0.02445850093285699,0.9548825224543368,0.005334504028988265,24.0,1,0.03224437155244334,-0.021620413695866637,1.3465830153486362,0,0,1,0,0,1,0,0,0,0,0,0,0,0,0,1,0,0,0,0,0,0
0.8554508105601307,0.9823733825422625,3.4154300589472926,0.01941973091715209,0.9527101213081698,0.0054169969457827415,12.0,1,1.9296119698913876,4.899488059420511,2.909902518350714,0,0,1,0,0,0,1,1,0,0,0,0,1,0,1,0,0,0,0,0,0,0
0.7259101060407925,0.980510717879657,3.8373837689281816,0.022036597480203046,0.9593459422320454,0.005509149370050761,16.0,1,-0.3127315554182738,-0.6140964765636786,-0.21673648765344133,0,0,1,0,0,1,0,1,0,0,0,0,0,0,0,1,0,0,0,0,0,0
0.7509319796338464,0.992183779438731,3.8632568361029582,0.012417670588614014,0.9658142090257396,0.0031044176471535035,16.0,1,-0.05399961019023594,1.0351977668746721,1.3465830153486362,0,0,1,0,0,1,0,1,0,0,0,0,0,0,0,1,0,0,0,0,0,0
0.731816079376955,0.9899325174518772,4.120498163438133,0.024177825400903658,0.9533935023843843,0.005594222039349713,20.0,1,0.37722029852316047,-0.022385392472971624,0.8254765143479438,0,0,1,0,0,1,0,0,0,0,0,0,0,0,0,0,0,0,0,1,0,0
0.8080927832245586,0.9986030202378096,3.8854950354077338,0.014154281083296895,0.9713737588519334,0.0035385702708242237,16.0,1,-0.6577074823889909,2.395330032567338,1.3465830153486362,0,0,0,1,0,0,1,1,0,0,0,0,1,0,0,1,0,0,0,0,0,0
0.7471781328795917,0.9927744539878083,4.142009361400611,0.017230288428009364,0.9583707249318685,0.003986713348700092,20.0,1,-0.6577074823889909,-0.02888771207836401,2.3887960173500216,0,0,1,0,0,1,0,1,0,0,0,0,1,0,0,0,0,0,0,1,0,0
0.7656077043870683,0.9972253609153698,3.835386021475247,0.021933807491812785,0.9588465053688118,0.005483451872953196,16.0,1,-0.48521951890363235,-0.4653081044167588,0.8254765143479438,0,0,0,1,0,1,0,0,1,0,0,0,1,0,0,0,0,0,0,1,0,0
0.9159448069797607,0.9715325521731815,3.852112686457106,0.013558917718304099,0.9630281716142765,0.0033897294295760247,16.0,0,1.0671721524645947,-0.5127367885972679,-0.21673648765344133,0,1,0,0,0,0,1,1,0,0,0,0,1,0,0,0,0,0,0,1,0,0
0.8175566363115494,0.9997114417528099,3.4530723864167796,0.014076667113368095,0.963210183013673,0.003926586989553273,12.0,0,-0.48521951890363235,0.7498606830145121,2.3887960173500216,0,0,0,1,0,1,0,1,0,0,0,0,1,0,0,0,0,0,1,0,0,0
0.8175566363115494,0.9999884584088952,3.8755205903730925,0.014590625077758351,0.9688801475932731,0.003647656269439588,16.0,1,-1.0889273911023873,0.08891901959580391,-0.4772897381537876,0,0,1,0,0,0,1,0,0,0,1,0,0,0,0,1,0,0,0,0,0,0
0.7014714598838974,0.9809852696140273,4.351336513538017,0.017961419577017627,0.9490451694760009,0.003917462699900477,24.0,1,-0.9164394276170288,-0.8171983418850526,0.3043700133472512,0,0,1,0,0,1,0,0,0,0,0,0,0,0,0,0,0,0,0,1,0,0
0.8800650696354069,0.997895527159741,4.133151861642504,0.017134178202138892,0.9563212924647745,0.003964475536371793,20.0,1,-0.22648757367559452,0.49856515473552415,-0.21673648765344133,0,0,0,1,0,1,0,1,0,0,0,0,1,0,1,0,0,0,0,0,0,0
0.7546516338427501,0.9972253609153698,3.846633756909667,0.01904183460908153,0.9616584392274168,0.004760458652270382,16.0,0,-1.0026834093597081,0.43468942684725775,-0.04303432065321049,0,0,1,0,0,1,0,1,0,0,0,1,0,0,0,0,0,0,1,0,0,0
0.7745085286615678,0.9987271686073539,3.8264193895026346,0.016336646952878814,0.9566048473756587,0.0040841617382197035,16.0,1,0.6359522437511983,-0.35897605439916563,0.3043700133472512,0,0,1,0,0,1,0,0,0,0,0,0,0,0,0,1,0,0,0,0,0,0
0.8471460081459877,0.9960462879344312,4.161799057520016,0.015185326022426499,0.9629496294589511,0.0035135536013174203,20.0,1,-1.261415354587746,-0.5238289808652903,-1.2589494896548263,0,0,1,0,0,0,1,1,0,0,0,0,0,0,0,0,0,0,1,0,0,0
0.7814814932386424,0.9998961234639353,4.363280461114945,0.026330921326553066,0.9516501957057788,0.005742886953254608,24.0,1,-0.3127315554182738,1.1254652625730606,-0.7378429886541339,0,0,1,0,0,1,0,1,0,0,0,0,1,0,0,1,0,0,0,0,0,0
0.7814814932386424,0.9996508396313202,3.8642149270802335,0.018330933645560942,0.9660537317700584,0.0045827334113902355,16.0,1,1.4983920611779913,1.5236367160562059,2.3887960173500216,0,0,1,0,1,0,0,1,0,0,0,1,0,0,0,0,0,0,1,0,0,0
0.7674044165839726,0.9927744539878083,4.1536444106828245,0.02195207647398844,0.9610628218448131,0.00507923222969783,20.0,1,-0.05399961019023594,-0.6068291781811813,-0.9983962391544802,1,0,0,0,0,1,0,0,0,0,0,0,1,0,0,1,0,0,0,0,0,0
0.9375897508004303,0.9544340029249649,3.416699414570868,0.016105011770672896,0.9530641991048888,0.004492379423057604,12.0,0,-0.8301954458743496,0.4377493419556777,0.8254765143479438,0,1,0,0,0,0,1,0,1,0,0,0,1,0,1,0,0,0,0,0,0,0
0.8540846597591107,0.9970433402104208,4.160319624424632,0.012589120149762685,0.9626073208728518,0.002912848125505597,20.0,1,-0.14024359193291522,-0.5326262368019976,-1.2589494896548263,0,1,0,0,0,1,0,0,1,0,0,0,0,0,1,0,0,0,0,0,0,0
0.8282516400433417,1.0,3.8471270287279844,0.015227479103366656,0.9617817571819961,0.003806869775841664,16.0,0,1.6708800246633497,-0.21324759736066573,-0.7378429886541339,0,0,0,1,1,0,0,1,0,0,0,1,0,0,0,0,0,0,1,0,0,0
0.8080927832245586,0.9980485963165613,4.384424453848072,0.016566541198994044,0.9562617912705849,0.003613233738855728,24.0,1,0.11848835329512263,-0.3891927160948126,-0.9983962391544802,0,1,0,0,0,1,0,1,0,0,0,0,1,0,0,0,0,0,0,1,0,0
0.8252336065126468,0.999953833266239,4.470740172843185,0.018169650290651252,0.9750876200492362,0.003962878712267206,24.0,1,0.8946841889792362,1.7187063042179778,2.3887960173500216,0,0,0,1,0,1,0,0,0,0,0,0,0,0,1,0,0,0,0,0,0,0
0.8267463724926178,0.9997114417528099,3.85409031224941,0.012603014899191071,0.9635225780623525,0.003150753724797768,16.0,0,-0.3989755371609531,-0.535303662521865,-0.7378429886541339,0,1,0,0,0,1,0,1,0,0,0,0,0,0,0,0,0,0,1,0,0,0
0.7950402793845223,0.9998586112670831,4.370164678181302,0.022486063721699392,0.9531516729949114,0.0049043070075628,24.0,1,-0.5714635006463117,1.5416137173181732,1.8676895163493288,0,0,1,0,0,0,1,0,0,0,0,0,0,0,0,0,0,0,0,1,0,0
0.8080927832245586,0.9995123141215677,3.8541448318887914,0.013205906177522719,0.9635362079721979,0.0033014765443806797,16.0,1,-0.3989755371609531,0.9969488280194229,1.3465830153486362,0,0,1,0,0,1,0,0,1,0,0,0,0,0,1,0,0,0,0,0,0,0
0.8485481782946158,0.9974015885677396,3.778351891319354,0.015494214524237502,0.9445879728298385,0.0038735536310593754,16.0,0,-0.5714635006463117,-0.8324979174271523,-0.9983962391544802,0,0,1,0,0,1,0,1,0,0,0,0,1,0,0,0,0,0,1,0,0,0
0.7900156893384529,0.9986030202378096,4.165067975837585,0.019563471305875196,0.9637059859382351,0.004526561033955626,20.0,1,0.808440207236557,0.3329472494922946,0.6517743473477129,0,1,0,0,0,1,0,1,0,0,0,1,0,0,0,1,0,0,0,0,0,0
0.8385800999954849,0.9951442089848421,4.193725511446042,0.017384507822452027,0.9703367153208824,0.004022396356620808,20.0,0,-1.1751713728450666,0.19678102716760698,-0.21673648765344133,0,0,1,0,0,0,1,1,0,0,0,1,0,0,0,0,0,0,1,0,0,0
0.7966992933903274,0.9964625048848765,4.585726696133385,0.018558839548302224,0.9644238047791636,0.0039031080209275056,27.0,1,-0.48521951890363235,-0.423616761064537,-0.7378429886541339,0,0,1,0,0,1,0,0,0,0,0,0,1,0,0,1,0,0,0,0,0,0
0.9358415530325216,0.9691686336805818,4.184742571459072,0.01528281098307266,0.968258258717776,0.003536109497321686,20.0,0,-1.0889273911023873,-0.8776316652763465,-0.7378429886541339,0,1,0,0,0,0,1,0,1,0,0,0,1,0,1,0,0,0,0,0,0,0
0.9295231861792265,0.9660780975952254,3.8252839051156102,0.017162169655541352,0.9563209762789026,0.004290542413885338,16.0,1,2.1883439151194257,-0.14095710292424452,0.04381676284690494,0,1,0,0,0,0,1,0,1,0,0,0,1,0,1,0,0,0,0,0,0,0
0.7933733558484901,0.9999278640456615,3.4227819302665736,0.021416490539652028,0.9547608739500182,0.005973978956640102,12.0,0,-0.8301954458743496,-0.5192391082026603,-0.4772897381537876,1,0,0,0,0,0,1,1,0,0,0,0,1,0,0,1,0,0,0,0,0,0
0.7527960664084545,0.9870084402431715,3.793246451880389,0.02743295672726366,0.9483116129700973,0.006858239181815915,16.0,1,0.20473233503780192,0.9850916569742956,1.3465830153486362,0,0,0,1,0,1,0,0,0,0,1,0,0,0,0,1,0,0,0,0,0,0
0.8568098051241517,0.9960462879344312,4.753245865122926,0.01630757588306458,0.9594383361752057,0.0032916692963648794,31.0,1,0.37722029852316047,-0.6691749485152376,-0.4772897381537876,0,0,1,0,0,0,1,0,0,0,0,0,0,0,0,0,0,0,0,1,0,0
0.8812908992306927,0.9823733825422625,3.860850456442185,0.01350083223385834,0.9652126141105463,0.003375208058464585,16.0,1,-0.3989755371609531,0.009743716165437805,0.3043700133472512,0,0,1,0,0,0,1,1,0,0,0,1,0,0,1,0,0,0,0,0,0,0
0.7933733558484901,0.9987271686073539,4.126990741502139,0.019569164703523326,0.9548957434956344,0.0045278783621302355,20.0,1,-1.0889273911023873,4.795068456345681,2.3887960173500216,0,0,1,0,0,1,0,1,0,0,0,0,1,0,1,0,0,0,0,0,0,0
0.7762640017033955,0.9906049558738163,4.722058523053894,0.017883053276478926,0.9531431996656478,0.0036096779691562886,31.0,1,-0.48521951890363235,0.08165172121330654,0.3043700133472512,0,0,1,0,1,0,0,0,0,1,0,1,0,0,0,0,0,0,1,0,0,0
0.8128592431848387,0.9998961234639353,3.45002675277467,0.011500598708211802,0.962360624994169,0.0032080108804201806,12.0,0,2.619563823832822,-0.8971386240925237,-0.9983962391544802,0,1,0,0,0,1,0,0,0,1,0,0,1,0,0,0,0,0,0,1,0,0
0.697268815792328,0.9888799605926126,3.834392575569482,0.015138869011704283,0.9585981438923705,0.0037847172529260707,16.0,0,-0.5714635006463117,-0.8493274505234619,0.3043700133472512,0,0,1,0,0,1,0,0,0,0,0,1,0,0,0,1,0,0,0,0,0,0
0.7745085286615678,0.9949041692998883,3.8328334983723784,0.020603831020305982,0.9582083745930946,0.0051509577550764955,16.0,0,-0.6577074823889909,-0.3279944139264137,-0.21673648765344133,0,0,1,0,0,1,0,0,1,0,0,0,1,0,0,1,0,0,0,0,0,0
0.731816079376955,0.9809852696140273,3.837381027866287,0.01490060273289316,0.9593452569665718,0.00372515068322329,16.0,1,-0.3989755371609531,-0.13789718781582458,-0.21673648765344133,0,0,1,0,0,1,0,1,0,0,0,0,0,0,0,1,0,0,0,0,0,0
0.7179100158694782,0.9918796925533511,3.833941401486622,0.021507810846007915,0.9584853503716555,0.005376952711501979,16.0,0,-0.7439514641316702,-1.068111380775488,-1.2589494896548263,0,0,1,0,0,1,0,1,0,0,0,1,0,0,0,0,1,0,0,0,0,0
0.8159984789708665,1.0,4.129626265825687,0.011404243047334072,0.955505546404356,0.0026386933787317475,20.0,1,0.03224437155244334,-0.12871744249056474,-0.9983962391544802,0,0,1,0,0,0,1,1,0,0,0,1,0,0,0,1,0,0,0,0,0,0
0.8385800999954849,0.9998153271549207,3.781478688198715,0.019051392448837443,0.9453696720496787,0.004762848112209361,16.0,1,-0.3989755371609531,-0.44847857132044905,-0.7378429886541339,0,0,0,1,0,0,1,1,0,0,0,0,0,0,0,0,0,0,0,1,0,0
0.8096893113439168,0.9999278640456615,4.575630364262503,0.018236404123883256,0.9623004460527398,0.00383529665330374,27.0,1,-0.3127315554182738,-0.7016865465421995,-0.21673648765344133,0,1,0,0,0,1,0,1,0,0,0,0,1,0,0,0,0,0,0,1,0,0
0.7950402793845223,0.997895527159741,4.606311318588942,0.01491009497040417,0.9687529550369123,0.0031357408484680503,27.0,0,-0.7439514641316702,-0.7460553156142888,-0.7378429886541339,0,0,1,0,0,1,0,1,0,0,0,0,0,0,1,0,0,0,0,0,0,0
0.8750927867718321,0.9941491714808931,4.163824538513724,0.02095746727689993,0.9634182816320642,0.0048491013308832225,20.0,1,-0.5714635006463117,-0.6278660945515684,-1.4326516566550573,0,1,0,0,0,1,0,0,0,0,0,0,0,1,0,1,0,0,0,0,0,0
0.7601675029619656,0.9984730898903078,3.838827810588893,0.020348663477664276,0.9597069526472233,0.005087165869416069,16.0,1,-0.8301954458743496,0.7578929601741146,0.5649232638475975,0,0,1,0,0,1,0,1,0,0,0,0,0,0,1,0,0,0,0,0,0,0
0.7883249003933805,0.9956068607005618,4.151852676329197,0.019845842282800223,0.9606482535516132,0.004591895526044704,20.0,0,1.5846360429206705,-0.9422723719417179,-1.2589494896548263,1,0,0,0,0,1,0,1,0,0,0,0,0,0,0,1,0,0,0,0,0,0
0.7118146702143195,0.9780489236102555,4.4960428816338185,0.02685730952291825,0.9455624091186434,0.00564835855962907,27.0,1,-0.22648757367559452,-0.6339859247684083,-0.4772897381537876,0,0,1,0,0,1,0,1,0,0,0,0,0,0,0,0,0,0,0,1,0,0
0.7762640017033955,0.9949041692998883,3.853420139867631,0.016538239341106764,0.9633550349669078,0.004134559835276691,16.0,1,-0.8301954458743496,0.4109750847570032,1.3465830153486362,0,0,1,0,0,1,0,1,0,0,0,0,0,1,0,0,0,0,0,1,0,0
0.8674259744399867,0.9832692110965187,3.411727960020341,0.01632048813029491,0.9516774469283942,0.0045524850335287815,12.0,0,-1.0026834093597081,0.6408512072770516,0.8254765143479438,0,1,0,0,0,0,1,0,0,0,0,0,0,0,0,1,0,0,0,0,0,0
0.7832044302828898,0.9956068607005618,4.190150760263338,0.017162107330443772,0.9695095957797377,0.0039709377281740964,20.0,0,-0.22648757367559452,-0.7667097425961235,-0.21673648765344133,0,0,1,0,0,1,0,1,0,0,0,1,0,0,0,0,0,0,1,0,0,0
0.8513308265508037,0.9964625048848764,3.7944817750806337,0.022302445539628284,0.9486204437701584,0.005575611384907071,16.0,1,-0.7439514641316702,0.19754600594471197,0.04381676284690494,0,0,1,0,0,1,0,1,0,0,0,0,1,0,1,0,0,0,0,0,0,0
0.8341980958607491,0.9999971146079947,4.139519863769825,0.016114381108355228,0.957794709418392,0.003728516707026602,20.0,0,-1.261415354587746,-0.2163075124690857,0.5649232638475975,0,0,1,0,0,0,1,1,0,0,0,0,0,0,0,1,0,0,0,0,0,0
0.8788323569105614,0.9964625048848764,3.8186894020903694,0.013566758932935399,0.9546723505225924,0.0033916897332338498,16.0,0,1.8433679881487084,-0.1482244013067419,-0.7378429886541339,0,1,0,0,1,0,0,1,0,0,0,0,0,0,0,0,0,1,0,0,0,0
0.8837219614915761,0.9906049558738163,4.405817971367483,0.017602859675676177,0.960927809262236,0.003839259246484032,24.0,1,1.153416134207274,1.01951570194402,-0.7378429886541339,0,0,1,0,0,0,1,0,0,0,0,0,0,0,0,0,0,0,1,0,0,0
0.7656077043870683,0.9912540071703689,3.3796247801760644,0.027060117068716975,0.9427224913778636,0.007548228764812341,12.0,1,-0.05399961019023594,-0.38039546015810527,-0.7378429886541339,0,0,1,0,0,1,0,0,1,0,0,0,0,0,0,0,0,0,0,1,0,0
0.7564987103663676,0.9958294764724047,3.8339315561953313,0.022269458314998998,0.9584828890488328,0.0055673645787497495,16.0,1,0.5497082620085191,-0.6844745240573374,-1.2589494896548263,0,0,1,0,1,0,0,0,1,0,0,0,0,0,0,0,0,0,0,1,0,0
0.7780113035465376,0.9946583178227808,3.864021276992582,0.014063468054735141,0.9660053192481455,0.0035158670136837852,16.0,1,-0.05399961019023594,0.5903626079881226,0.3043700133472512,0,1,0,0,0,1,0,1,0,0,0,0,0,0,0,1,0,0,0,0,0,0
0.8371268093994261,0.9980485963165613,4.126588613952093,0.020448816859097347,0.9548026999416424,0.0047314107060891075,20.0,1,-0.7439514641316702,-0.16352397684884162,-0.4772897381537876,0,1,0,0,0,1,0,1,0,0,0,0,0,0,0,0,0,0,1,0,0,0
0.7950402793845223,0.9993506898146103,4.18679041150556,0.01732585847189665,0.9687320842885689,0.004008826174686321,20.0,1,-0.6577074823889909,0.8026442186347562,0.8254765143479438,0,0,0,1,0,1,0,1,0,0,0,0,1,0,0,1,0,0,0,0,0,0
0.8485481782946158,0.9949041692998883,3.4358225009451253,0.015603851041750126,0.9583984491480653,0.004352584173087237,12.0,1,-1.0026834093597081,-0.42285178228743203,-0.9983962391544802,0,0,1,0,0,1,0,0,0,0,0,0,1,0,0,0,0,0,1,0,0,0
0.832722637493494,0.9999971146079947,3.8512416760423918,0.02503298971061773,0.9628104190105979,0.0062582474276544325,16.0,0,-0.6577074823889909,0.3738736140674114,0.3043700133472512,0,0,1,0,0,0,1,0,0,1,0,0,1,0,0,1,0,0,0,0,0,0
0.8048764985440612,0.999953833266239,4.380188268886389,0.020338914051398562,0.955337861148797,0.004436004448934866,24.0,0,1.4121480794353118,-1.0608440823929908,-1.2589494896548263,0,1,0,0,0,1,0,0,1,0,0,0,0,0,0,1,0,0,0,0,0,0
0.8428959163008507,0.9975720245861465,3.459685918766457,0.022726382357622654,0.9650549812084511,0.006339364038829136,12.0,1,1.153416134207274,-0.004408391211004443,-0.7378429886541339,0,1,0,0,0,1,0,1,0,0,0,0,1,0,0,1,0,0,0,0,0,0
0.9076140601356764,0.9800302358597729,4.528207980754749,0.010455400224160926,0.9523270484726337,0.00219887436230694,27.0,0,-1.0026834093597081,-0.5995618797986839,-0.21673648765344133,0,1,0,0,0,0,1,0,1,0,0,0,0,0,1,0,0,0,0,0,0,0
0.6645217109262896,0.9743523445292506,4.368548081267215,0.021331380208633507,0.9527990862695382,0.00465246557747818,24.0,0,-0.8301954458743496,0.01739350393648767,0.3043700133472512,0,0,1,0,0,1,0,1,0,0,0,0,0,0,0,0,0,0,0,1,0,0
0.8540846597591107,0.9966619137320386,3.8643377558773837,0.016478061663728498,0.9660844389693459,0.0041195154159321245,16.0,0,-0.3989755371609531,-0.08970352485821043,-0.9115451556543647,0,0,1,0,0,0,1,0,0,0,0,0,0,0,0,1,0,0,0,0,0,0
0.9179621399872384,0.9814538950336535,4.414174968141809,0.021359933825144607,0.9627505061268258,0.004658693243790984,24.0,0,0.37722029852316047,-0.05145458600296111,-0.21673648765344133,0,0,1,0,0,0,1,1,0,0,0,0,1,0,0,0,0,0,1,0,0,0
0.7916985001248851,0.9998153271549207,4.40426958022727,0.015483269670146791,0.960590098508883,0.0033769675690284175,24.0,1,-0.3989755371609531,-0.31881466860115387,1.3465830153486362,0,0,1,0,0,0,1,1,0,0,0,1,0,0,0,0,0,0,0,1,0,0
0.8414646362081757,0.9964625048848764,3.4478925410012744,0.0157945398245886,0.9617653016754544,0.004405775463874837,12.0,1,2.1883439151194257,-0.6209812855576236,-0.4772897381537876,0,0,1,0,0,1,0,0,0,0,1,0,1,0,0,0,0,0,0,0,1,0
0.7527960664084545,0.9936167534536141,4.144107526802583,0.016523034314668093,0.9588561946934903,0.003823070155705298,20.0,1,0.03224437155244334,-0.29433534773379433,-0.7378429886541339,0,0,0,1,0,1,0,0,0,1,0,0,1,0,0,1,0,0,0,0,0,0
0.7337669895308355,0.9866165198488093,3.8341773178829506,0.022161205329450866,0.9585443294707376,0.005540301332362716,16.0,1,1.4121480794353118,-0.34903133029680083,0.3043700133472512,0,0,1,0,0,1,0,0,1,0,0,0,0,0,0,0,0,0,0,1,0,0
0.7035587015314071,0.9837082626231857,4.095034715513461,0.024357684361880808,0.9475018153026872,0.005635837484361387,20.0,0,-0.9164394276170288,0.14285002338170544,-0.21673648765344133,0,0,1,0,0,1,0,1,0,0,0,1,0,0,0,0,0,0,0,1,0,0
0.8674259744399867,0.9877746553159469,4.141336236436148,0.01445907666790811,0.9582149784803576,0.003345515323360524,20.0,0,1.2396601159499534,-0.7988388512345329,-1.2589494896548263,0,1,0,0,0,1,0,1,0,0,0,0,0,1,0,0,0,1,0,0,0,0
0.7490593447969769,0.9845686584264312,4.554404922923617,0.021072804115998166,0.957836525228277,0.00443181970265543,27.0,1,0.6359522437511983,-0.7391705066203439,-1.2589494896548263,0,0,1,0,0,1,0,0,1,0,0,1,0,0,0,1,0,0,0,0,0,0
0.8341980958607491,0.9993506898146103,3.4070354213877914,0.022282152592402946,0.9503684963796489,0.006215449279572828,12.0,1,-0.3989755371609531,-0.6450781170364306,-1.2589494896548263,0,0,1,0,0,1,0,0,1,0,0,0,1,0,1,0,0,0,0,0,0,0
