entropy_1,entropy_2,mean_entropy_3,std_entropy_3,mean_entropy_3_scaled,std_entropy_3_scaled,n_bins,S,Age,Credit amount,Duration,Job_0,Job_1,Job_2,Job_3,Housing_free,Housing_own,Housing_rent,Saving accounts_little,Saving accounts_moderate,Saving accounts_quite rich,Saving accounts_rich,Checking account_little,Checking account_moderate,Checking account_rich,Purpose_business,Purpose_car,Purpose_domestic appliances,Purpose_education,Purpose_furniture/equipment,Purpose_radio/TV,Purpose_repairs,Purpose_vacation/others
0.33533353587867776,0.9814538950336537,2.6923875035591935,0.016780082550741413,0.8493536920697368,0.00529352667432398,9.0,0,-1.017625218208695,-0.07937699269215527,-0.2722078165754,0,0,1,0,0,1,0,1,0,0,0,1,0,0,0,0,0,0,0,1,0,0
0.4753035717834445,0.9941491714808931,3.334000052076297,0.047728036763056945,0.8335000130190743,0.011932009190764236,16.0,1,-0.03474817818273565,0.3140110885514943,-0.2722078165754,0,1,0,0,0,1,0,0,1,0,0,1,0,0,0,1,0,0,0,0,0,0
0.47215752724666754,0.9854054682825988,3.3535016647356444,0.0294243962071791,0.8383754161839111,0.007356099051794775,16.0,1,-0.30280555273527,-0.3653271525877493,0.22928708201164383,0,0,1,0,0,1,0,0,1,0,0,1,0,0,0,1,0,0,0,0,0,0
0.15796854699966348,0.8513308265508037,3.434719543801853,0.04277672143408599,0.8586798859504633,0.010694180358521498,16.0,1,-1.106977676392873,-0.7051615622671373,-0.7737027151624438,0,0,1,0,0,0,1,1,0,0,0,0,0,1,0,0,0,0,0,1,0,0
0.3072683598607599,0.9958294764724047,3.8360759134431213,0.02428100928963073,0.8875843903976603,0.005618096543150273,20.0,1,-0.03474817818273565,1.2637623132683053,0.9815294298922096,0,0,0,1,0,1,0,1,0,0,0,0,0,0,0,1,0,0,0,0,0,0
0.3584153246392746,0.989236669894532,3.8572442863193013,0.023420471568934582,0.8412815340829081,0.005108105369509749,24.0,1,2.5564731091584294,-0.345823037635333,0.22928708201164383,0,1,0,0,0,0,1,1,0,0,0,1,0,0,0,0,0,0,0,1,0,0
0.037622360322278454,0.5574381850279891,3.3317150662412596,0.02040184029038712,0.8329287665603149,0.00510046007259678,16.0,1,0.5013665709223329,-0.4344180004700373,-1.2751976137494878,0,0,1,0,0,1,0,1,0,0,0,0,0,1,0,0,0,0,1,0,0,0
0.1943918578315763,0.9521953766259575,2.897846460552248,0.024460787973980037,0.8083338277511448,0.006823164250409728,12.0,1,-1.3750350509454072,-0.9405332545742621,-0.7737027151624438,0,0,1,0,0,0,1,1,0,0,0,0,1,0,0,0,0,0,0,1,0,0
0.14701903522171578,0.8896800684323529,3.7181377607300505,0.029706809376715354,0.8109418038086973,0.006479182626257667,24.0,1,-0.8389203018403386,0.04855677826691395,-1.0244501644559658,0,0,1,0,0,0,1,0,1,0,0,0,0,0,0,1,0,0,0,0,0,0
0.10627369308465989,0.8267463724926178,4.395180941223142,0.033027376966821204,0.8871632583489453,0.006666545872955534,31.0,1,-0.7495678436561605,1.7133486918324763,0.48003453130516577,0,0,1,0,0,1,0,0,0,0,1,0,0,0,0,1,0,0,0,0,0,0
0.0740883836872965,0.7762640017033955,3.9547185634059936,0.033776309970980405,0.8317165362180706,0.007103492975514601,27.0,1,-0.6602153854719823,-0.9739216547470424,-1.2751976137494878,0,1,0,0,0,1,0,1,0,0,0,0,1,0,0,0,0,0,0,1,0,0
0.4496822131225001,0.9862187199222405,4.23842737002157,0.026684853704444986,0.891383312032743,0.0056120893906119575,27.0,1,-0.12410063636691375,0.17682112744551565,1.7337717777727755,0,0,1,0,0,1,0,1,0,0,0,1,0,0,0,0,0,0,0,1,0,0
0.1300588461790969,0.8096893113439168,4.156323944885112,0.035493336607449605,0.874116147436504,0.007464600706388983,27.0,0,-0.6602153854719823,-0.6790458829240714,0.22928708201164383,0,0,1,0,0,1,0,0,0,1,0,0,0,0,0,0,0,0,0,1,0,0
0.4784338654596382,0.9614969508235551,3.479315177362021,0.03943762346166629,0.8698287943405052,0.009859405865416572,16.0,1,0.054604280001442455,1.2783077549277344,3.238256473533907,0,0,1,0,0,0,1,1,0,0,0,1,0,0,1,0,0,0,0,0,0,0
0.2735138277070637,0.9977366703420345,2.917327399861144,0.03264623192729063,0.8137678983460189,0.009106436098208406,12.0,1,0.5907190291065111,0.9447543314194634,3.238256473533907,0,0,1,0,1,0,0,1,0,0,0,0,1,0,0,0,0,1,0,0,0,0
0.4091874050295284,0.976500468757824,3.0040513930252266,0.03435875744438648,0.8379589444578368,0.00958413301044985,12.0,1,0.5907190291065111,0.23896983271762162,-0.2722078165754,0,0,1,0,0,1,0,1,0,0,0,1,0,0,0,0,0,0,1,0,0,0
0.26034062501245053,0.9418499821369986,3.980313679051032,0.027656005785140478,0.8681234968497517,0.006031893560915818,24.0,1,-1.106977676392873,-0.02053406961537408,-0.5229552658689219,0,0,1,0,0,0,1,0,0,0,1,0,0,0,0,1,0,0,0,0,0,0
0.37702062682797866,0.9823733825422627,3.7082272675549626,0.025664789791831566,0.8580029991571634,0.0059382732031548115,20.0,0,2.6458255673426074,-0.7709466279541005,-0.2722078165754,1,0,0,0,0,1,0,1,0,0,0,0,0,0,0,0,0,0,0,1,0,0
0.5894527611178121,0.9748983373999442,4.043286260814636,0.035061608197543434,0.8503432013848793,0.007373803939965037,27.0,0,-1.017625218208695,-0.43177337471377747,-0.2722078165754,0,0,1,0,0,0,1,1,0,0,0,1,0,0,0,0,0,0,1,0,0,0
0.24685851466035832,0.982824252303905,3.602807064321086,0.03221267525773564,0.8336110609019703,0.007453311242230451,20.0,0,-0.7495678436561605,0.07037494075605753,-0.5229552658689219,0,1,0,0,0,1,0,1,0,0,0,1,0,0,0,0,0,0,1,0,0,0
0.21407106810421878,0.9691686336805818,3.3815786009556037,0.030983939542614834,0.8453946502389009,0.007745984885653708,16.0,1,-0.03474817818273565,1.7943403556179334,2.235266676359819,0,0,1,0,1,0,0,0,0,0,0,0,0,0,0,1,0,0,0,0,0,0
0.33533353587867776,0.9997114417528099,3.8482239072850626,0.029228344188362797,0.8393141507002044,0.006374827315112293,24.0,1,-0.8389203018403386,-0.005327471516880064,-0.0214603672818781,0,0,1,0,0,1,0,1,0,0,0,1,0,0,0,0,0,1,0,0,0,0
0.09377790984777172,0.8221855039190835,3.6651590715820093,0.026856072135006,0.8480379569289271,0.006213909983087281,20.0,1,-0.21345309455109185,0.8726882795613832,-0.2722078165754,0,0,1,0,0,1,0,1,0,0,0,0,0,0,0,0,0,0,0,1,0,0
0.04541469233379414,0.6172971637757392,3.4679836002266016,0.03330067865471026,0.8669959000566504,0.008325169663677565,16.0,1,0.5907190291065111,-0.6370624490434467,-1.442362579945169,0,1,0,0,0,1,0,1,0,0,0,0,0,0,0,0,0,0,0,1,0,0
0.08079313589591124,0.6930283686032682,3.4034995080595785,0.03599239206186994,0.8508748770148946,0.008998098015467484,16.0,1,-0.21345309455109185,-0.11772406615792279,-1.0244501644559658,0,0,1,0,0,1,0,0,0,0,0,0,0,0,0,0,0,0,0,1,0,0
0.4784338654596382,0.9785531675659291,4.51741172897355,0.04771887120112872,0.8607991854691825,0.009092898306786347,38.0,1,-0.48151046910362616,-0.5312774187930536,0.22928708201164383,0,0,0,1,0,1,0,1,0,0,0,1,0,0,0,0,0,0,0,1,0,0
0.5463652179575746,0.9854054682825988,3.6784771513839183,0.032739845122573476,0.8511194704362118,0.007575286863588285,20.0,1,-1.017625218208695,-0.36598830902681423,1.2322768791857315,0,0,1,0,0,0,1,1,0,0,0,0,1,0,0,0,0,0,0,1,0,0
0.2821337464520462,0.99819587904281,3.736410575928867,0.033270041663310324,0.8645240026896479,0.0076979627918074885,20.0,1,-0.21345309455109185,0.9450849096389959,1.7337717777727755,0,0,1,0,0,1,0,1,0,0,0,0,0,1,1,0,0,0,0,0,0,0
0.21407106810421878,0.951436825808696,3.6062402539788936,0.032032833473407796,0.8344054261904326,0.007411699771521237,20.0,1,0.5907190291065111,2.329546493041016,1.2322768791857315,0,0,1,0,1,0,0,0,0,0,0,0,0,0,0,1,0,0,0,0,0,0
0.24229218908241493,0.9358415530325216,2.9131455844646847,0.017766391720070412,0.8126014104411615,0.004955809639988285,12.0,1,0.23330919636979866,-0.1887983833574057,-0.7737027151624438,0,0,0,1,0,1,0,0,0,0,0,0,0,0,0,1,0,0,0,0,0,0
0.15252732850878203,0.9065431379027392,2.943557063900311,0.02858198520573691,0.8210844780965438,0.00797274314584529,12.0,1,-1.106977676392873,-0.8423515233731159,-0.6901202320646033,0,0,1,0,0,1,0,1,0,0,0,0,1,0,0,0,0,0,0,1,0,0
0.08079313589591124,0.7727448592131423,3.7769165215740252,0.024983924820372375,0.8738961960153707,0.005780735882655518,20.0,0,0.7694239454748673,-0.5121038820601698,-0.7737027151624438,0,1,0,0,0,0,1,1,0,0,0,0,0,1,0,0,0,0,0,1,0,0
0.2990065777216771,0.965441852409956,4.361914363976828,0.042056073883934925,0.8804484301180636,0.008488980098701568,31.0,1,-0.30280555273527,-0.6281368371160697,-0.2722078165754,0,0,1,0,0,1,0,1,0,0,0,0,0,0,0,1,0,0,0,0,0,0
0.1943918578315763,0.9304448940240344,3.413000999762984,0.030853822113160477,0.853250249940746,0.007713455528290119,16.0,1,-0.6602153854719823,-0.6965665285592928,-1.2751976137494878,0,0,1,0,0,1,0,0,1,0,0,0,0,1,0,1,0,0,0,0,0,0
0.3431229071320202,0.9924820324406043,4.151172021186811,0.045129086298862225,0.873032646786708,0.00949109443248204,27.0,1,0.054604280001442455,-0.11607117506026039,1.2322768791857315,0,0,1,0,0,1,0,0,0,0,0,0,0,0,0,1,0,0,0,0,0,0
0.5656086658870978,0.9849900098451574,3.6611015907651825,0.030826875444723418,0.8470991442675997,0.007132667357698558,20.0,1,0.054604280001442455,-0.22152562709112109,0.22928708201164383,0,0,1,0,1,0,0,0,0,0,0,0,1,0,0,1,0,0,0,0,0,0
0.37702062682797866,0.9936167534536142,4.114011626520217,0.035506741275726623,0.8652174472368369,0.007467419841073225,27.0,1,-0.48151046910362616,-0.18780664869880825,1.2322768791857315,0,0,1,0,1,0,0,0,1,0,0,0,1,0,0,1,0,0,0,0,0,0
0.45294254818728313,0.9997114417528099,3.5208823434906242,0.03003631250403077,0.814655465382606,0.006949748317090772,20.0,0,1.4842436109482922,-0.42879817073798515,-0.7737027151624438,0,0,0,1,1,0,0,0,0,0,0,0,0,0,0,1,0,0,0,0,0,0
0.179116319181652,0.8400260364931235,3.687482350559077,0.02462779458778068,0.804255727277831,0.005371427701732986,24.0,1,0.7694239454748673,0.018143582069925918,-0.10504285037971874,0,0,1,0,0,1,0,0,0,0,0,0,0,0,0,1,0,0,0,0,0,0
0.46899559358928117,0.9999971146079947,3.5191358859468087,0.02968567102202574,0.8797839714867022,0.007421417755506435,16.0,0,-1.106977676392873,0.9252502164670472,1.2322768791857315,0,1,0,0,0,0,1,1,0,0,0,1,0,0,0,0,0,0,1,0,0,0
0.32744491915447643,0.980510717879657,3.069516968267009,0.033766570026072674,0.8562201048545252,0.009418946507607872,12.0,1,-0.3921580109194481,0.3447548629680148,1.2322768791857315,0,0,1,0,0,1,0,1,0,0,0,0,0,1,0,0,0,0,0,1,0,0
0.27783957395830955,0.9189610585062931,2.622439337430346,0.03838186661209628,0.8272875024605121,0.012108130821591243,9.0,0,2.288415734605895,-0.46879813530141506,-0.7737027151624438,0,0,1,0,0,1,0,0,0,0,0,0,0,0,0,0,0,1,0,0,0,0
0.3031515903661921,0.9499011703918125,3.9609386886926052,0.028060283658463556,0.8330246902561592,0.005901355951259868,27.0,0,-0.8389203018403386,0.10541623202650027,0.22928708201164383,0,0,1,0,0,1,0,1,0,0,0,0,0,1,0,0,0,0,1,0,0,0
0.32744491915447643,0.9924820324406043,4.064015087179577,0.02475360378585158,0.88637913320782,0.005398867227803526,24.0,0,-0.21345309455109185,-0.1980545735043151,0.7307819805986877,0,0,1,0,0,1,0,1,0,0,0,0,0,0,0,0,0,0,0,1,0,0
0.3154190889380809,0.9881489563064276,3.5408545212840976,0.0338468128919888,0.8192765921933688,0.007831415088101064,20.0,1,-0.30280555273527,-0.22648430038410824,-0.0214603672818781,0,0,1,0,0,1,0,0,0,0,1,0,1,0,0,0,0,0,1,0,0,0
0.11236071009937681,0.7745085286615678,3.5674198087038347,0.03456327208459804,0.8254232209286231,0.007997188135888888,20.0,1,1.2161862363957578,-0.7167317999507741,-0.7737027151624438,0,1,0,0,0,1,0,0,0,0,0,1,0,0,0,0,0,0,1,0,0,0
0.35081592989560473,0.9906049558738163,4.012674684360735,0.04092656337893562,0.8751815710007642,0.00892625912916374,24.0,1,1.7523009855008265,1.137812011626431,0.22928708201164383,0,0,1,0,0,1,0,1,0,0,0,1,0,0,0,0,0,0,1,0,0,0
0.15796854699966348,0.9076140601356764,3.81971449561847,0.04786265369176366,0.8837987147766324,0.011074375288284607,20.0,0,-0.48151046910362616,-0.8304507074699466,-1.0244501644559658,0,0,1,0,0,1,0,1,0,0,0,0,1,0,0,0,0,0,1,0,0,0
0.15796854699966348,0.8861256474645223,3.3675478702924315,0.02647159543515742,0.8418869675731079,0.006617898858789355,16.0,0,-0.8389203018403386,-0.9325993773054826,-0.7737027151624438,1,0,0,0,0,1,0,1,0,0,0,0,0,1,1,0,0,0,0,0,0,0
0.10008207543778842,0.8128592431848387,2.5672525987241177,0.029677777331095237,0.8098780247343458,0.009362296369028248,9.0,0,-1.106977676392873,-0.9352440030617424,-1.442362579945169,0,1,0,0,0,0,1,1,0,0,0,0,0,0,0,0,0,0,1,0,0,0
0.4126626559236273,0.9999740313334506,3.982407244493648,0.03393780578147652,0.8375397404631879,0.007137457146154317,27.0,0,-1.106977676392873,-0.06483155103272621,0.22928708201164383,0,1,0,0,0,0,1,1,0,0,0,1,0,0,0,0,0,0,1,0,0,0
0.15796854699966348,0.7966992933903274,3.948536174618453,0.021036944463520887,0.8611926867444168,0.0045882478777551855,24.0,1,0.054604280001442455,1.0948368430872089,0.7307819805986877,0,0,1,0,0,1,0,0,0,0,0,0,0,0,0,0,0,0,0,1,0,0
0.3469812881006132,0.9974015885677396,3.563764980619708,0.028320497547942004,0.8245775733371119,0.006552746118438172,20.0,0,1.7523009855008265,-0.6040046270901989,0.22928708201164383,0,0,1,0,0,1,0,1,0,0,0,1,0,0,0,0,0,0,0,1,0,0
0.3546271671967252,0.9997114417528099,3.33064123926322,0.0385160308673593,0.832660309815805,0.009629007716839826,16.0,1,-0.7495678436561605,-0.20169093391917237,1.2322768791857315,0,0,1,0,0,1,0,1,0,0,0,0,1,0,0,1,0,0,0,0,0,0
0.32744491915447643,0.9938858724897721,4.545034663820463,0.04424890387568621,0.8428722397945043,0.008205916010946536,42.0,1,0.7694239454748673,-0.5375584049641706,-0.7737027151624438,0,0,1,0,0,1,0,0,1,0,0,0,1,0,0,1,0,0,0,0,0,0
0.3584153246392746,0.9870084402431715,3.9521921433531846,0.03274482690662409,0.9144511561930987,0.007576439539880282,20.0,1,0.054604280001442455,-0.5015253790351305,-0.2722078165754,0,0,1,0,0,1,0,0,0,0,1,0,1,0,1,0,0,0,0,0,0,0
0.21407106810421878,0.8920157558713486,4.185426929250336,0.016854987347676476,0.8448246026253032,0.0034021638004813246,31.0,1,0.14395673818562058,0.08128402200062933,-1.2751976137494878,0,0,1,0,0,0,1,1,0,0,0,1,0,0,0,1,0,0,0,0,0,0
0.23304589256445057,0.9697686402763742,3.424254475157743,0.025877581178480113,0.8560636187894357,0.006469395294620028,16.0,0,-0.9282727600245168,-0.7058227187062023,-0.7737027151624438,0,0,1,0,0,0,1,1,0,0,0,0,1,0,0,1,0,0,0,0,0,0
0.4753035717834445,0.9941491714808931,3.36529061226155,0.035589370849171686,0.8413226530653874,0.008897342712292922,16.0,0,-1.106977676392873,-0.7372276495617877,-0.7737027151624438,0,0,1,0,0,0,1,0,0,0,0,1,0,0,0,0,0,1,0,0,0,0
0.26476503393568085,0.9703626255019485,3.901733905429604,0.020492365650052562,0.8509849109596667,0.004469472901213342,24.0,1,-0.7495678436561605,-0.769954893295503,-0.7737027151624438,0,0,1,0,0,1,0,1,0,0,0,0,0,0,0,1,0,0,0,0,0,0
0.1242476193280406,0.8032566997760642,3.9054748967091073,0.014954256900679298,0.851800837214007,0.0032615876134924017,24.0,0,-1.3750350509454072,0.41153166331357544,-0.7737027151624438,0,0,1,0,0,0,1,0,0,0,0,0,0,0,0,1,0,0,0,0,0,0
0.5656086658870978,0.9732424074349137,3.462082884743159,0.046369669916222406,0.8655207211857897,0.011592417479055601,16.0,1,1.9310059018691828,-0.39838497454099714,1.2322768791857315,0,0,1,0,1,0,0,1,0,0,0,0,1,0,0,1,0,0,0,0,0,0
0.22836402584056475,0.9349579708037453,4.114065733639693,0.028722562983123867,0.8652288265006896,0.00604063986162768,27.0,1,-0.3921580109194481,0.9652501810304771,0.7307819805986877,0,0,1,0,0,1,0,0,0,0,0,1,0,0,0,0,0,0,1,0,0,0
0.2691558696542066,0.9580420222262995,2.7979325334780993,0.021295008041979778,0.7804635426215096,0.005940092270894356,12.0,1,1.7523009855008265,-0.6668144888013697,-0.7737027151624438,0,0,1,0,0,1,0,0,0,0,1,0,0,0,0,1,0,0,0,0,0,0
0.15252732850878203,0.8812908992306927,3.5980642680243826,0.034930618277616586,0.8325136811694585,0.008082184041640541,20.0,0,-1.106977676392873,-0.7124342830968519,-0.9408676813581252,0,0,1,0,0,1,0,1,0,0,0,0,0,1,0,0,0,0,1,0,0,0
0.3314018216238569,0.9995844639313985,3.68454274633264,0.030613256750438213,0.852522916957198,0.007083240645917332,20.0,1,-0.5708629272878043,-0.17656698923470399,0.22928708201164383,0,0,1,0,0,1,0,0,1,0,0,0,1,0,0,0,0,0,0,1,0,0
0.15252732850878203,0.8513308265508037,3.7609569240814538,0.021912792115466047,0.820280847114868,0.004779274009769851,24.0,1,1.3055386945799359,-0.39309572302847745,-0.0214603672818781,0,0,1,0,0,1,0,1,0,0,0,0,0,0,0,0,0,0,1,0,0,0
0.3584153246392746,0.994149171480893,4.159071172978759,0.02312972716328832,0.8746939167512137,0.00486441101976952,27.0,0,-0.7495678436561605,-0.34417014653767064,-0.2722078165754,0,0,1,0,0,1,0,1,0,0,0,1,0,0,0,0,0,0,0,1,0,0
0.24229218908241493,0.9608181753171039,3.6991484637984158,0.035761954199306195,0.8559023617663456,0.008274537061736613,20.0,0,-0.48151046910362616,1.5546711464568865,1.2322768791857315,0,0,1,0,0,1,0,1,0,0,0,0,0,0,0,1,0,0,0,0,0,0
0.10008207543778842,0.8540846597591107,3.7459800050423495,0.023530785685288352,0.8667381600988845,0.00544451114610726,20.0,1,-0.12410063636691375,-0.1871454922597433,-0.2722078165754,0,1,0,0,0,1,0,1,0,0,0,0,0,1,0,0,0,0,1,0,0,0
0.14144054254182076,0.8849272200994921,3.926001840035778,0.03328349972806977,0.8562778516548976,0.00725927414299129,24.0,1,-0.30280555273527,0.875332905317643,-0.7737027151624438,0,0,1,0,0,1,0,1,0,0,0,0,1,0,0,1,0,0,0,0,0,0
0.1893518474613519,0.8341980958607491,3.3673047744204054,0.029629233395858354,0.7791209618697192,0.006855559080427175,20.0,1,0.23330919636979866,-1.01226872821281,-1.2751976137494878,0,0,1,0,0,1,0,0,0,0,0,0,1,0,0,0,0,0,0,1,0,0
0.1183500114082751,0.8128592431848387,3.8063565784648987,0.03489885468901835,0.830182706590557,0.007611589993054283,24.0,0,2.020358360053361,-1.0066488984807578,-0.7737027151624438,0,1,0,0,0,1,0,1,0,0,0,1,0,0,0,0,0,0,0,1,0,0
0.0601724420320086,0.7814814932386424,3.6512710011131233,0.03423688835346161,0.8448245599995996,0.007921670051374122,20.0,1,-1.106977676392873,-0.7874755389307244,-0.9408676813581252,0,1,0,0,0,1,0,1,0,0,0,0,1,0,0,0,0,0,0,1,0,0
0.5491528919535208,0.9691686336805818,3.343829639102354,0.02650699235308145,0.8359574097755885,0.006626748088270362,16.0,0,0.7694239454748673,0.9880600781782182,0.22928708201164383,0,0,0,1,1,0,0,1,0,0,0,1,0,0,0,1,0,0,0,0,0,0
0.5148156530047154,0.9946583178227809,4.114306774862408,0.018548743283121612,0.8973479661426416,0.004045560520986627,24.0,1,1.1268337782115798,-0.7954094161995039,0.22928708201164383,0,0,1,0,0,1,0,1,0,0,0,1,0,0,0,0,0,0,0,1,0,0
0.47215752724666754,0.9974015885677396,3.9670108304946057,0.028577880245429267,0.8652220884839616,0.0062329583373766755,24.0,1,0.8587764036590454,-0.3725998734174638,0.22928708201164383,0,0,1,0,0,1,0,1,0,0,0,1,0,0,0,1,0,0,0,0,0,0
0.10627369308465989,0.832722637493494,4.143325705691626,0.0417670162597351,0.8713824888194341,0.008784017758723249,27.0,1,-1.017625218208695,-0.9825166884548868,-1.0244501644559658,0,0,1,0,0,1,0,1,0,0,0,0,1,0,0,0,0,0,0,1,0,0
0.15796854699966348,0.7509319796338464,3.341675027921839,0.020740446736377892,0.8354187569804598,0.005185111684094473,16.0,1,2.199063276421717,-0.3914428319308151,-0.7737027151624438,0,0,1,0,0,1,0,1,0,0,0,1,0,0,0,0,0,0,1,0,0,0
0.35081592989560473,0.9953784388202257,3.5530358107557882,0.046950086179790504,0.8220950771853104,0.010863227047976638,20.0,1,-0.21345309455109185,-0.89359114740065,-0.7737027151624438,0,1,0,0,0,1,0,0,1,0,0,1,0,0,0,0,0,0,0,1,0,0
0.1893518474613519,0.9149263727797274,3.2885232308367365,0.028931989337487123,0.8221308077091841,0.007232997334371781,16.0,0,-0.8389203018403386,-0.6535913600200706,-0.2722078165754,0,0,1,0,0,1,0,1,0,0,0,0,0,0,0,0,0,0,0,1,0,0
0.15252732850878203,0.7780113035465376,3.8523926854951163,0.041803122912595914,0.8402233791201528,0.009117440525635886,24.0,0,-0.5708629272878043,-0.416236198395751,-0.7737027151624438,0,0,1,0,0,1,0,1,0,0,0,0,0,0,0,0,0,0,0,1,0,0
0.06722154475830688,0.6887498056988564,3.7329221164638446,0.03120005776139197,0.8141663352484789,0.006804866507956095,24.0,1,-0.30280555273527,-0.24235205492166723,-1.0244501644559658,0,0,1,0,0,1,0,1,0,0,0,0,0,0,0,0,0,0,0,1,0,0
0.26476503393568085,0.9795438195294626,3.350777995400545,0.028420058671481795,0.8376944988501362,0.007105014667870449,16.0,1,-1.196330134577051,-0.8010292459315561,-0.7737027151624438,0,0,1,0,0,1,0,0,0,0,1,0,1,0,0,1,0,0,0,0,0,0
0.20922047786915282,0.8954686411420223,3.222336706858605,0.038461424796895384,0.8988480928909007,0.0107285431267854,12.0,1,-0.30280555273527,-0.9021861811084946,-0.7737027151624438,0,0,1,0,0,1,0,1,0,0,0,0,0,0,0,0,0,1,0,0,0,0
0.179116319181652,0.9149263727797274,3.441156270031668,0.024759478364081537,0.860289067507917,0.006189869591020384,16.0,0,-1.017625218208695,-0.9269795475734304,-0.7737027151624438,0,1,0,0,0,1,0,1,0,0,0,1,0,0,0,0,0,0,0,1,0,0
0.48773158354050183,0.9691686336805818,3.3126011802613533,0.022144718681209825,0.8281502950653383,0.005536179670302456,16.0,1,-1.106977676392873,-0.524004697963339,1.9845192270662972,0,0,1,0,1,0,0,1,0,0,0,1,0,0,0,0,0,0,0,1,0,0
0.3314018216238569,0.9964625048848764,3.7833365211883985,0.02176679131093099,0.8753816440546311,0.005036361279744576,20.0,1,-0.7495678436561605,3.503099172381315,3.238256473533907,0,0,0,1,0,1,0,1,0,0,0,0,1,0,0,1,0,0,0,0,0,0
0.14701903522171578,0.8513308265508037,3.782069492303832,0.031484379584431996,0.8248855888590059,0.006866878317866268,24.0,0,-0.9282727600245168,0.773845391921172,0.7307819805986877,0,0,1,0,0,1,0,1,0,0,0,0,0,0,0,0,0,0,0,1,0,0
0.3154190889380809,0.9927744539878083,3.122688633839048,0.02378043435597144,0.8710519658743665,0.006633384408117997,12.0,0,-0.12410063636691375,-0.6297897282137321,0.22928708201164383,0,0,1,0,0,1,0,0,0,0,1,0,0,0,0,1,0,0,0,0,0,0
0.3621807172571562,0.9994343896240241,3.460410392315481,0.028455084088270185,0.800663573373417,0.0065838865116546585,20.0,0,-0.9282727600245168,-0.709789657340592,0.062122115815962546,0,0,1,0,0,0,1,0,0,0,0,0,0,0,0,1,0,0,0,0,0,0
0.08735191991631625,0.7471781328795917,3.6369001294800682,0.03249567462778395,0.8414994533995948,0.0075187911307975745,20.0,0,-0.5708629272878043,-0.9626819952829381,-1.2751976137494878,0,0,1,0,0,1,0,1,0,0,0,0,0,0,0,0,0,0,0,1,0,0
0.5264795487695574,0.932269191548067,3.6902448863037676,0.04399989718961417,0.8538422679149044,0.010180617590946026,20.0,1,1.5735960691324702,1.2194648318509531,2.235266676359819,0,0,1,0,1,0,0,1,0,0,0,1,0,0,0,0,0,0,1,0,0,0
0.4126626559236273,0.9999740313334506,3.856804833825869,0.049901319884949155,0.8111243077929873,0.010494742485967148,27.0,1,-1.017625218208695,-0.13524471179314415,0.22928708201164383,0,1,0,0,0,0,1,1,0,0,0,1,0,0,0,0,0,0,1,0,0,0
0.3621807172571562,0.9998586112670831,4.235171754622593,0.023730137357822128,0.8548655501888796,0.004789906550144164,31.0,1,0.23330919636979866,-0.22450083106691338,2.235266676359819,0,0,1,0,0,1,0,0,0,0,0,0,0,0,0,1,0,0,0,0,0,0
0.0601724420320086,0.684432807199574,3.1038447060847076,0.04092474124699921,0.8657955851589337,0.01141566787344826,12.0,1,-1.106977676392873,-0.9157398881093262,-1.2751976137494878,0,1,0,0,0,0,1,0,0,1,0,0,0,0,0,0,0,0,0,0,1,0
0.3154190889380809,0.9974015885677396,4.075542907923893,0.028815253387556333,0.8571270941887743,0.006060133572970008,27.0,1,-0.7495678436561605,-0.3197073582922672,0.22928708201164383,0,0,1,0,0,1,0,0,1,0,0,0,0,0,0,1,0,0,0,0,0,0
0.4091874050295284,0.9992612140227841,3.4164384410478723,0.04043014346335172,0.8541096102619681,0.01010753586583793,16.0,1,-0.48151046910362616,-0.39045109727221766,-0.2722078165754,0,0,0,1,0,1,0,0,1,0,0,1,0,0,0,1,0,0,0,0,0,0
0.48773158354050183,0.9426831892554921,4.834253219047178,0.052683439354100706,0.8752057562685696,0.009537946667970157,46.0,1,-0.9282727600245168,3.633346990877112,2.235266676359819,0,0,1,0,0,1,0,1,0,0,0,0,1,0,1,0,0,0,0,0,0,0
0.4056929882938096,0.9997662707810439,3.7106028862079716,0.028509459906060453,0.8585526655562455,0.006596467891214071,20.0,0,-0.21345309455109185,0.17715170566504812,-0.2722078165754,0,0,1,0,0,0,1,1,0,0,0,1,0,0,0,1,0,0,0,0,0,0
0.26476503393568085,0.9499011703918125,3.9450799839540287,0.04977911002182303,0.8604388767265856,0.0108570375469796,24.0,1,0.41201411273815486,-0.11673233149932535,0.7307819805986877,0,0,1,0,0,1,0,0,0,0,0,0,0,0,0,0,0,0,0,1,0,0
0.15796854699966348,0.9118318792514706,4.6012159981532825,0.03266470283702581,0.8767682073287741,0.0062243052620960995,38.0,0,-0.5708629272878043,-0.8168970004691151,-1.0244501644559658,0,0,1,0,0,1,0,1,0,0,0,0,1,0,0,0,0,0,1,0,0,0
0.10627369308465989,0.7527960664084545,4.317529716545724,0.03471687977177558,0.8714894295758269,0.0070075704709134734,31.0,0,-0.6602153854719823,-0.8876407394490655,-1.0244501644559658,0,1,0,0,0,1,0,1,0,0,0,0,0,1,0,0,0,0,0,1,0,0
0.22364166448448095,0.9043814577244937,3.693618241939017,0.0361957672814391,0.8055939915229532,0.007894452195791338,24.0,1,-0.03474817818273565,-0.24664957177558944,0.22928708201164383,0,1,0,0,0,1,0,1,0,0,0,0,0,0,0,0,0,0,0,1,0,0
0.1242476193280406,0.8428959163008507,3.2460666435036343,0.023788306330937436,0.8115166608759086,0.005947076582734359,16.0,1,1.0374813200274016,-0.6734260531920193,-0.7737027151624438,0,0,1,0,0,1,0,1,0,0,0,0,0,0,0,0,0,1,0,0,0,0
0.37702062682797866,0.9999884584088952,3.7806965233937704,0.04289924629533254,0.824586138446959,0.009356509739956442,24.0,1,-0.30280555273527,-0.5124344602797023,-0.2722078165754,0,0,0,1,0,1,0,1,0,0,0,1,0,0,0,0,0,0,0,1,0,0
0.1242476193280406,0.7762640017033955,4.640230155347826,0.024698437815047287,0.8842024100868345,0.004706322210392084,38.0,0,2.824530483710964,-0.7375582277813202,-1.0244501644559658,0,0,0,1,0,1,0,1,0,0,0,0,1,0,0,0,0,1,0,0,0,0
0.36964442262776986,0.9994343896240241,3.4196996552744174,0.02795503311285642,0.8549249138186044,0.006988758278214105,16.0,1,-0.48151046910362616,-0.11937695725558518,0.22928708201164383,0,0,1,0,1,0,0,0,1,0,0,0,1,0,0,0,0,0,1,0,0,0
0.23304589256445057,0.9467554496831931,3.5576715473583747,0.03105813034463056,0.8231676856370962,0.007186174703223512,20.0,0,-0.9282727600245168,0.179135174982243,0.22928708201164383,0,0,1,0,0,0,1,1,0,0,0,0,0,0,0,0,0,0,1,0,0,0
0.4561861025695263,0.9679505356936393,3.4201539277602238,0.0348897881745128,0.8550384819400559,0.0087224470436282,16.0,1,2.913882941895142,3.790371645155039,-1.2751976137494878,0,0,0,1,0,1,0,1,0,0,0,1,0,0,0,1,0,0,0,0,0,0
0.5177526267252632,0.9805107178796568,2.833279478527234,0.034628614540304865,0.7903233235932838,0.009659407743690175,12.0,1,-0.3921580109194481,-0.3729304516369963,1.2322768791857315,0,0,1,0,0,0,1,1,0,0,0,1,0,0,0,0,0,0,0,1,0,0
0.08079313589591124,0.8414646362081757,3.9267132975970243,0.034886341229319336,0.8258267510662186,0.007336943558274735,27.0,1,1.0374813200274016,-0.8922688345225201,-1.1080326475538065,0,1,0,0,0,1,0,1,0,0,0,1,0,0,0,1,0,0,0,0,0,0
0.46899559358928117,0.9930610464600562,3.920759682544625,0.04323714582075678,0.8551345146068131,0.009430207076711335,24.0,0,-0.9282727600245168,-0.6602029244107201,-0.5229552658689219,0,0,1,0,0,0,1,1,0,0,0,1,0,0,0,0,0,0,1,0,0,0
0.04541469233379414,0.6098403047164005,3.6455307393418033,0.02876664923977077,0.8434963884878821,0.0066559758996917,20.0,1,2.3777681927900733,-0.6916078552663056,-1.2751976137494878,0,0,1,0,0,1,0,0,0,1,0,0,0,0,0,0,1,0,0,0,0,0
0.19938228214288045,0.9647995485050872,3.8651932296463856,0.01833496092973791,0.8943215029927793,0.004242310498276751,20.0,0,-0.7495678436561605,-0.7058227187062023,-0.2722078165754,0,0,1,0,0,1,0,1,0,0,0,0,1,0,0,0,0,0,1,0,0,0
0.16334554318340241,0.9426831892554921,2.690698450654144,0.03477635345862655,0.750551351684398,0.009700618472754148,12.0,1,0.054604280001442455,-0.5150790860359621,-1.2751976137494878,0,0,0,1,1,0,0,1,0,0,0,1,0,0,0,0,0,0,1,0,0,0
0.3469812881006132,0.9999740313334506,2.980357943063926,0.04042472852276367,0.8313498237329939,0.011276192851286953,12.0,1,0.054604280001442455,-0.841690366934051,-0.2722078165754,0,0,1,0,0,1,0,1,0,0,0,0,1,0,0,1,0,0,0,0,0,0
0.22836402584056475,0.9573326906403243,2.9162357053980705,0.029916926913563468,0.8134633778767384,0.008345115718098964,12.0,1,1.0374813200274016,-0.2949139918273313,0.22928708201164383,0,1,0,0,0,1,0,1,0,0,0,0,0,0,0,1,0,0,0,0,0,0
0.1300588461790969,0.8568098051241517,3.855739682355412,0.036730163715458945,0.8409533735006456,0.008011006351672843,24.0,1,-0.9282727600245168,-0.10747614135241595,0.22928708201164383,0,0,1,0,0,1,0,0,0,0,0,0,0,0,0,0,0,0,0,1,0,0
0.4263761318876529,0.9918796925533511,3.6292745785934684,0.02004942886429206,0.8397350670610946,0.0046390010254935945,20.0,1,0.9481288618432235,1.3880597238125172,2.235266676359819,0,0,0,1,0,1,0,0,0,0,0,0,0,0,1,0,0,0,0,0,0,0
0.1893518474613519,0.9209394481940656,3.5549708458920577,0.03489931861334857,0.8225428021575418,0.008074941981249719,20.0,1,0.23330919636979866,-0.416236198395751,-0.7737027151624438,0,1,0,0,0,1,0,1,0,0,0,1,0,0,0,1,0,0,0,0,0,0
0.3031515903661921,0.9986030202378096,3.568253804200224,0.03187127811791782,0.8256161893163612,0.007374319382041547,20.0,1,-1.2856825927612292,-0.21524464092000398,-0.2722078165754,0,0,1,0,0,0,1,1,0,0,0,0,1,0,0,1,0,0,0,0,0,0
0.1242476193280406,0.8499431123430718,3.8945511066969756,0.044407170685999434,0.8190627233399234,0.009339268419241091,27.0,1,-0.9282727600245168,-0.7577234991728014,-1.0244501644559658,0,1,0,0,0,1,0,1,0,0,0,1,0,0,0,0,0,0,0,1,0,0
0.2188777265390111,0.9709505944546686,3.2946345330357767,0.03435246608620115,0.8236586332589442,0.008588116521550287,16.0,1,-0.7495678436561605,-0.586153403235445,-0.7737027151624438,0,0,1,0,0,1,0,1,0,0,0,1,0,0,0,0,0,0,1,0,0,0
0.5463652179575746,0.9944066525627802,3.1985854890751675,0.03935710645899784,0.7996463722687919,0.00983927661474946,16.0,1,2.288415734605895,-0.21921157955439372,-0.0214603672818781,0,1,0,0,0,0,1,0,1,0,0,0,1,0,1,0,0,0,0,0,0,0
0.18426059333965522,0.9435101346706889,3.292587044458936,0.02293361745126797,0.823146761114734,0.005733404362816993,16.0,1,-0.3921580109194481,-0.4965667057421433,-0.2722078165754,0,1,0,0,0,1,0,1,0,0,0,0,1,0,0,0,0,0,1,0,0,0
0.23768828956288537,0.9697686402763742,4.147371939675751,0.03635296621321054,0.8371432377397822,0.007337813024686486,31.0,1,-0.21345309455109185,-0.345823037635333,1.2322768791857315,0,1,0,0,0,0,1,1,0,0,0,0,1,0,0,0,0,0,0,0,1,0
0.1183500114082751,0.819107179827683,3.2942464529896944,0.022527647398713196,0.8235616132474236,0.005631911849678299,16.0,0,0.5013665709223329,-0.7226822079023586,-1.0244501644559658,0,1,0,0,0,0,1,0,0,0,0,0,0,0,0,0,0,1,0,0,0,0
0.04541469233379414,0.6507958209094192,4.160020804703752,0.03310581300343056,0.8396963995919846,0.006682378115300262,31.0,1,0.5907190291065111,-0.03276546373807579,-0.7737027151624438,0,0,1,0,0,1,0,1,0,0,0,0,0,0,0,0,0,0,1,0,0,0
0.5894527611178121,0.992183779438731,3.3636446497280184,0.03191764511636732,0.8409111624320046,0.00797941127909183,16.0,1,1.6629485273166484,-0.6059880964073937,0.22928708201164383,0,0,1,0,1,0,0,1,0,0,0,0,0,0,0,0,0,1,0,0,0,0
0.4496822131225001,0.999953833266239,4.231715208358941,0.03831369256676134,0.8541678494828326,0.007733583848188165,31.0,1,-0.30280555273527,0.14310214905320284,0.22928708201164383,0,0,1,0,1,0,0,1,0,0,0,0,0,0,1,0,0,0,0,0,0,0
0.1242476193280406,0.8400260364931235,3.681477944626353,0.025755035628440375,0.8518137886147082,0.005959154123574465,20.0,1,1.9310059018691828,-0.8995415553522347,-0.7737027151624438,0,1,0,0,0,1,0,1,0,0,0,1,0,0,0,0,0,0,0,1,0,0
0.2513881446901186,0.908678384800712,3.5927518047872704,0.030854878792245157,0.8312844929181784,0.007139146722210639,20.0,1,0.14395673818562058,-0.8687977809357141,-0.5229552658689219,0,0,1,0,0,1,0,1,0,0,0,0,1,0,0,0,0,0,0,1,0,0
0.1183500114082751,0.8297494277867028,4.478211432954091,0.046222504316560574,0.9039228872633001,0.009329970275834907,31.0,0,-0.3921580109194481,-0.5600377238923792,-0.7737027151624438,0,1,0,0,0,1,0,1,0,0,0,0,0,0,0,0,0,0,1,0,0,0
0.09377790984777172,0.8159984789708665,3.336625296366106,0.0254056106109385,0.8341563240915265,0.006351402652734625,16.0,1,0.5013665709223329,-0.9150787316702612,-1.2751976137494878,0,1,0,0,0,1,0,1,0,0,0,1,0,0,0,1,0,0,0,0,0,0
0.11236071009937681,0.8812908992306927,3.420330123284093,0.02860990153357532,0.8550825308210233,0.00715247538339383,16.0,1,-0.8389203018403386,-0.8750787671068313,-1.2751976137494878,0,1,0,0,0,1,0,0,0,0,0,0,0,0,0,1,0,0,0,0,0,0
0.5350826097473704,0.9866165198488093,3.7115998613883816,0.021004316304437897,0.8587833438920536,0.004859941175163233,20.0,0,-0.9282727600245168,-0.5273104801586638,-0.0214603672818781,0,0,1,0,0,1,0,1,0,0,0,1,0,0,0,0,0,0,0,1,0,0
0.08079313589591124,0.7239235920856688,3.117687985679181,0.0177350834092601,0.8696570703464884,0.00494707640754749,12.0,0,0.3226616545539768,-0.825822612396492,-1.2751976137494878,0,1,0,0,0,1,0,0,0,0,0,0,1,0,0,0,0,1,0,0,0,0
0.11236071009937681,0.7849192945250534,3.7051520899735664,0.04546592341557944,0.8572914700632308,0.010519824119555215,20.0,1,0.054604280001442455,-0.6797070393631365,-1.2751976137494878,0,1,0,0,0,1,0,1,0,0,0,1,0,0,0,0,0,0,1,0,0,0
0.08735191991631625,0.7619892744665404,3.6922311044868357,0.027534625527684837,0.8543018355290481,0.006370912454618795,20.0,1,1.3948911527641141,-0.7491284654649569,-1.1080326475538065,0,0,0,1,1,0,0,1,0,0,0,1,0,0,0,0,0,0,0,0,0,1
0.4056929882938096,0.9977366703420345,4.141341634904624,0.025202125436407624,0.8709652190551969,0.00530025693035653,27.0,0,2.020358360053361,0.896820489587254,2.235266676359819,0,1,0,0,1,0,0,1,0,0,0,1,0,0,0,1,0,0,0,0,0,0
0.2043246709802797,0.9149263727797274,3.6307718006843914,0.03615778384442333,0.8400814916331958,0.008366123417739468,20.0,1,-0.03474817818273565,-0.7359053366836578,-1.2751976137494878,0,0,1,0,0,0,1,0,1,0,0,0,0,0,0,1,0,0,0,0,0,0
0.14701903522171578,0.8648143527316725,2.9580520212782466,0.02324026046879323,0.825127744204633,0.006482706712864686,12.0,0,-1.017625218208695,-0.9907811439431988,-1.2751976137494878,0,0,1,0,0,0,1,0,0,0,1,0,1,0,0,0,0,1,0,0,0,0
0.08735191991631625,0.6461380758647464,3.6552513341288795,0.025397133428648657,0.8457455223405658,0.005876343352100714,20.0,1,1.3055386945799359,-0.6135913954566407,-0.7737027151624438,0,0,1,0,0,1,0,1,0,0,0,0,0,0,0,0,0,0,1,0,0,0
0.4229754912346308,0.9980485963165613,3.6706134917523783,0.03258907842908913,0.8492999909217696,0.0075404027354459,20.0,1,-0.12410063636691375,0.7834321602876139,1.2322768791857315,0,0,1,0,0,1,0,1,0,0,0,0,1,0,0,1,0,0,0,0,0,0
0.6507958209094192,0.94433082595598,3.9749181854610143,0.035835036432300175,0.8669467165403884,0.007815775249342554,24.0,1,-0.3921580109194481,-0.08896376105859716,0.22928708201164383,0,0,1,0,0,0,1,1,0,0,0,1,0,0,1,0,0,0,0,0,0,0
0.11236071009937681,0.8540846597591107,3.090284668547872,0.023584521250746796,0.8620131083452689,0.006578735829454975,12.0,1,-0.8389203018403386,-0.8340870678848039,-1.1080326475538065,0,0,1,0,0,1,0,1,0,0,0,0,1,0,1,0,0,0,0,0,0,0
0.037622360322278454,0.5736665363828041,3.9005276457980984,0.050060487442268105,0.8507218205567865,0.010918407170046478,24.0,0,-0.03474817818273565,0.005581609727691729,-0.7737027151624438,0,1,0,0,0,1,0,0,0,1,0,0,0,0,0,0,0,1,0,0,0,0
0.46262349176244294,0.9912540071703689,3.3007232343878927,0.03512645881024917,0.8251808085969732,0.008781614702562293,16.0,1,0.5013665709223329,-0.23739338162868004,1.2322768791857315,0,0,1,0,0,1,0,1,0,0,0,1,0,0,0,0,0,0,1,0,0,0
0.5177526267252632,0.977022578532774,4.100167690436908,0.030437387275144143,0.8623059301763369,0.006401284417621903,27.0,1,-0.30280555273527,-0.4932609235468185,0.22928708201164383,0,0,1,0,0,1,0,1,0,0,0,1,0,0,0,0,0,0,0,1,0,0
0.2188777265390111,0.9544340029249649,4.276987364710829,0.02800256222947518,0.8633059928900633,0.0056522916079779825,31.0,1,-0.21345309455109185,-0.5220212286461441,0.22928708201164383,0,0,1,0,0,1,0,1,0,0,0,0,0,0,0,0,0,0,0,1,0,0
0.37334332107985346,0.9991659615315873,2.8788275349918875,0.03728040715975459,0.803028632632218,0.010399106588215433,12.0,1,0.23330919636979866,0.02706919399730284,0.22928708201164383,0,0,1,0,0,1,0,0,1,0,0,0,1,0,0,1,0,0,0,0,0,0
0.43979890827156226,0.9989581233509567,3.4629091408627466,0.03464298669301358,0.8657272852156866,0.008660746673253394,16.0,1,0.5907190291065111,-0.3316081741954365,-0.2722078165754,0,0,1,0,0,1,0,0,0,0,0,0,1,0,1,0,0,0,0,0,0,0
0.22836402584056475,0.9748983373999445,3.0732079273867265,0.019599663385399074,0.8572496718636572,0.005467187838493811,12.0,0,1.7523009855008265,-0.7405334317571125,-0.2722078165754,1,0,0,0,1,0,0,1,0,0,0,1,0,0,0,0,0,0,0,0,1,0
0.1300588461790969,0.7933733558484901,4.420689225947791,0.014859554981938645,0.8923120823208915,0.002999387600120819,31.0,1,-0.3921580109194481,-0.6228475856035501,-0.9408676813581252,0,1,0,0,0,1,0,1,0,0,0,0,0,0,0,1,0,0,0,0,0,0
0.1893518474613519,0.9621696332193179,4.167718819638701,0.033117113679043006,0.841250236875099,0.006684659146350395,31.0,0,-0.12410063636691375,-0.13656702467127407,-0.7737027151624438,0,0,0,1,0,0,1,1,0,0,0,0,1,0,0,0,0,0,1,0,0,0
0.10627369308465989,0.8966061451541427,3.883565794965763,0.03121057123578057,0.8470223680902358,0.006807159541843902,24.0,1,-1.196330134577051,-1.042681924409798,-1.0244501644559658,0,1,0,0,0,0,1,1,0,0,0,0,1,0,0,1,0,0,0,0,0,0
0.22364166448448095,0.92481870497303,3.9526718061621784,0.036763380630658114,0.8312860828702503,0.007731703560584949,27.0,0,0.23330919636979866,-0.8278060817136869,-0.7737027151624438,1,0,0,0,0,1,0,1,0,0,0,0,0,0,0,1,0,0,0,0,0,0
0.1242476193280406,0.8687212463394046,4.1608376739663955,0.029304577815306248,0.875065429428818,0.006163043353175582,27.0,1,-0.7495678436561605,-0.6740872096310843,-1.0244501644559658,0,0,1,0,0,1,0,1,0,0,0,0,1,0,1,0,0,0,0,0,0,0
0.32346243587218554,0.9975720245861465,4.157511413873431,0.023307379160779004,0.8743658839418954,0.004901772996768947,27.0,1,0.6800714872906892,0.2072343236425037,0.22928708201164383,0,0,1,0,0,1,0,1,0,0,0,0,1,0,0,0,0,0,1,0,0,0
0.06722154475830688,0.8341980958607491,4.274802599882828,0.036655995615821925,0.8628650001051348,0.007398979232811122,31.0,0,-0.30280555273527,-0.8261531906160244,-1.2751976137494878,0,1,0,0,0,1,0,0,1,0,0,0,1,0,0,1,0,0,0,0,0,0
0.15252732850878203,0.8661236813986259,3.2559802684629005,0.020812176410146856,0.8139950671157251,0.005203044102536714,16.0,0,-0.3921580109194481,-0.1749140981370416,-0.9408676813581252,0,0,1,0,0,0,1,0,0,0,0,0,0,0,0,1,0,0,0,0,0,0
0.179116319181652,0.9189610585062931,3.008495633380691,0.043455648323778455,0.8391986339537716,0.012121646548614343,12.0,1,0.41201411273815486,-0.9078060108405467,-0.7737027151624438,0,1,0,0,0,0,1,1,0,0,0,1,0,0,0,0,0,1,0,0,0,0
0.48773158354050183,0.9660780975952254,4.141819021185073,0.03583093925468877,0.8710656181246247,0.007535601891398226,27.0,1,1.3055386945799359,1.3374812562240481,2.235266676359819,0,0,0,1,1,0,0,1,0,0,0,1,0,0,0,0,0,1,0,0,0,0
0.04541469233379414,0.60228160255664,3.7825108004138714,0.04835924557283529,0.7954995357288335,0.010170428964056857,27.0,0,-1.3750350509454072,-0.39970728741912703,-0.5229552658689219,0,0,1,0,0,0,1,0,0,1,0,0,0,0,0,0,0,0,1,0,0,0
0.23768828956288537,0.9521953766259575,3.446414803085969,0.04315237378541608,0.7974252989453745,0.009984519140071608,20.0,1,0.6800714872906892,0.4670688041950319,-0.7737027151624438,0,0,1,0,0,0,1,1,0,0,0,1,0,0,0,1,0,0,0,0,0,0
0.14144054254182076,0.7727448592131423,3.6092261527296694,0.02802514779928352,0.835096298108063,0.006484408621336377,20.0,1,0.6800714872906892,-0.30251729087657836,-0.2722078165754,0,0,1,0,0,1,0,1,0,0,0,0,0,0,0,0,0,0,1,0,0,0
0.1893518474613519,0.9228919718923305,3.373984921616265,0.023458933331437486,0.8434962304040663,0.005864733332859372,16.0,1,-0.3921580109194481,0.07301956651231736,-0.7737027151624438,0,0,1,0,0,1,0,0,0,0,1,1,0,0,0,1,0,0,0,0,0,0
0.08735191991631625,0.819107179827683,3.6922050741655483,0.029095223734640265,0.8542958126798208,0.006732000879204485,20.0,1,-0.5708629272878043,-0.640037653019239,-1.442362579945169,0,1,0,0,0,1,0,0,0,0,0,0,0,1,0,1,0,0,0,0,0,0
0.4364698170641028,0.9870084402431714,3.385468762166832,0.029988213162506855,0.846367190541708,0.007497053290626714,16.0,1,0.41201411273815486,0.6449198863035054,2.235266676359819,1,0,0,0,1,0,0,0,0,0,0,0,1,0,0,0,0,0,0,0,0,1
0.1183500114082751,0.7832044302828898,3.5574656632547024,0.029480796509916207,0.8231200485410705,0.006821214018990911,20.0,1,0.14395673818562058,-0.010286144809867243,-0.7737027151624438,0,0,0,1,0,1,0,0,0,0,0,0,0,1,0,0,0,0,0,1,0,0
0.23304589256445057,0.9139014134928694,4.2337604402453834,0.03435034199715762,0.8545806776709595,0.006933585155909012,31.0,1,0.7694239454748673,-0.6453269045317587,-0.5229552658689219,0,0,1,0,0,1,0,1,0,0,0,1,0,0,0,0,0,0,1,0,0,0
0.20922047786915282,0.9499011703918125,3.08612914311541,0.028325331384539593,0.8608539538404099,0.00790115137294785,12.0,1,-0.3921580109194481,-0.6549136728982006,-1.2751976137494878,0,0,1,0,0,1,0,0,1,0,0,0,1,0,1,0,0,0,0,0,0,0
0.36592365090022305,0.9993506898146103,3.372662847088363,0.030869101444563028,0.8431657117720908,0.007717275361140757,16.0,1,1.1268337782115798,-0.5577236763556518,0.22928708201164383,0,1,0,0,0,1,0,1,0,0,0,0,1,0,0,0,0,0,0,1,0,0
0.08735191991631625,0.7118146702143195,2.898475351649044,0.028928985769846087,0.8085092524861789,0.008069536505340497,12.0,1,1.4842436109482922,-0.11673233149932535,-0.7737027151624438,0,0,1,0,0,1,0,1,0,0,0,0,0,0,0,0,0,0,0,1,0,0
0.15252732850878203,0.8977369399155668,2.5752188277137487,0.0322777257928997,0.8123910901810065,0.01018248879018066,9.0,1,-1.2856825927612292,-0.5501203773064048,-1.2751976137494878,0,0,1,0,0,0,1,1,0,0,0,0,0,0,0,0,0,0,1,0,0,0
0.16866093149667033,0.8873172562752067,3.749972310778431,0.030689611620515506,0.8178850558076775,0.006693536013803493,24.0,1,-1.017625218208695,-0.4628477273498305,-1.0244501644559658,0,0,1,0,0,1,0,0,0,0,0,0,1,0,0,0,0,0,1,0,0,0
0.26476503393568085,0.8674259744399867,3.5623792139563952,0.02671149392018926,0.8242569371226983,0.006180457734081167,20.0,0,1.9310059018691828,-0.7524342476602818,-0.8572851982602845,0,1,0,0,0,1,0,0,1,0,0,0,0,0,0,0,0,0,0,1,0,0
0.5059192440727412,0.9909324035683699,2.530350247899684,0.03743912269367557,0.798236629178412,0.01181072822752614,9.0,0,-1.017625218208695,0.2783086408419866,-0.10504285037971874,0,0,1,0,0,1,0,1,0,0,0,1,0,0,0,0,0,0,1,0,0,0
0.38067661270656566,0.9927744539878083,3.5159518887211645,0.02664132927626971,0.8135146655679832,0.006164223164144073,20.0,1,-1.017625218208695,0.7156636252834557,4.241246270707995,0,0,1,0,0,1,0,0,1,0,0,0,1,0,0,0,0,0,0,1,0,0
0.20922047786915282,0.9418499821369986,3.393497759157961,0.037865203186022975,0.8483744397894902,0.009466300796505744,16.0,1,0.3226616545539768,-0.4324345311528424,-0.7737027151624438,0,1,0,0,0,0,1,1,0,0,0,1,0,0,0,1,0,0,0,0,0,0
0.40217919020227266,0.9998961234639353,3.3459596340383846,0.02515666468669556,0.8364899085095961,0.00628916617167389,16.0,1,-0.7495678436561605,0.23434173764416694,0.22928708201164383,0,1,0,0,0,1,0,0,1,0,0,0,0,0,1,0,0,0,0,0,0,0
0.4331231102024093,0.9992612140227841,3.3378617044381067,0.03677191998476729,0.8344654261095267,0.009192979996191822,16.0,1,0.054604280001442455,-0.8542523392762851,-1.1916151306516471,0,0,1,0,1,0,0,0,0,0,0,0,0,0,0,0,0,0,0,1,0,0
0.24229218908241493,0.9790514648094593,3.7273984963406237,0.02551050599438808,0.8624388038176667,0.0059025752937828515,20.0,0,-0.3921580109194481,-0.6274756806770048,-0.5229552658689219,0,0,1,0,0,1,0,0,1,0,0,0,0,0,0,0,0,1,0,0,0,0
0.23768828956288537,0.9276606087330419,4.2884685820420145,0.042511610297296075,0.8656234661212137,0.0085809297076434,31.0,1,-0.03474817818273565,0.1804574878603729,-0.0214603672818781,0,0,1,0,0,1,0,0,0,0,0,0,1,0,0,0,0,0,1,0,0,0
0.14144054254182076,0.8312397541751453,3.4208254132891858,0.03439986713827066,0.8552063533222964,0.008599966784567665,16.0,1,2.7351780255267855,-0.8806985968388834,-0.7737027151624438,0,1,0,0,0,1,0,0,0,1,0,0,1,0,0,0,0,0,0,1,0,0
0.21407106810421878,0.9819165980553664,3.7602148677307397,0.03389237500244109,0.8700317971922986,0.007841957167805315,20.0,1,-1.106977676392873,-0.7220210514632937,0.22928708201164383,0,1,0,0,0,1,0,1,0,0,0,0,1,0,0,1,0,0,0,0,0,0
0.1893518474613519,0.8712907840103599,3.3095876179589894,0.047534798307601746,0.8273969044897473,0.011883699576900436,16.0,1,0.054604280001442455,-0.62416989848168,-0.7737027151624438,0,0,1,0,0,1,0,1,0,0,0,0,0,0,1,0,0,0,0,0,0,0
0.2188777265390111,0.9276606087330419,3.762577460537777,0.034954860053582365,0.8705784496944151,0.00808779306044735,20.0,1,-0.3921580109194481,-0.8268143470550894,0.22928708201164383,0,0,1,0,0,1,0,0,0,0,0,0,0,0,0,0,0,0,1,0,0,0
0.15796854699966348,0.9179621399872384,2.803810495083693,0.03059018254760373,0.782103158546198,0.008532915627834372,12.0,1,-0.21345309455109185,-0.13260008603688433,-0.5229552658689219,0,0,1,0,0,1,0,1,0,0,0,0,0,0,0,1,0,0,0,0,0,0
0.10008207543778842,0.7780113035465376,3.3961454749879687,0.04009602631383295,0.8490363687469922,0.010024006578458238,16.0,1,0.6800714872906892,-0.6271451024574723,-0.2722078165754,0,1,0,0,0,1,0,1,0,0,0,0,0,0,0,0,0,0,1,0,0,0
0.41611895125187043,0.9906049558738163,3.3027744809474413,0.03857066134408693,0.8256936202368603,0.009642665336021733,16.0,1,0.23330919636979866,1.0746715716957276,2.235266676359819,0,0,1,0,1,0,0,0,0,0,0,0,1,0,1,0,0,0,0,0,0,0
0.18426059333965522,0.9065431379027392,2.7161175580930856,0.03096007422367399,0.8568396907993895,0.009766816000248339,9.0,1,0.5013665709223329,-0.8403680540559211,-0.7737027151624438,0,1,0,0,0,1,0,1,0,0,0,0,1,0,0,1,0,0,0,0,0,0
0.2948328193632008,0.9964625048848765,3.565704766761054,0.042941479292811356,0.8250263975884085,0.009935722749207508,20.0,1,0.41201411273815486,0.28657309633029854,-0.2722078165754,0,0,0,1,0,1,0,1,0,0,0,0,1,0,0,0,0,0,1,0,0,0
0.15252732850878203,0.8513308265508037,3.954071975655387,0.03543937979217683,0.8624000687101502,0.0077294808379790815,24.0,1,2.7351780255267855,-0.5031782701327928,0.7307819805986877,0,0,0,1,0,1,0,1,0,0,0,0,0,1,1,0,0,0,0,0,0,0
0.2043246709802797,0.8674259744399867,4.052448291423056,0.041845964454765586,0.8838563654088027,0.009126784449858366,24.0,1,-0.8389203018403386,-0.06450097281319374,0.22928708201164383,0,0,0,1,0,1,0,0,0,1,0,0,0,0,0,0,0,0,0,1,0,0
0.4364698170641028,0.9823733825422625,2.459303842437955,0.02348109953950917,0.7758239836333589,0.00740746217302471,9.0,0,-1.017625218208695,1.3150019372958395,3.238256473533907,0,0,0,1,0,1,0,0,1,0,0,0,1,0,0,1,0,0,0,0,0,0
0.49991595816452794,0.9862187199222405,2.5668150295552925,0.02952137868587004,0.8097399870304172,0.009312958089682811,9.0,1,-1.2856825927612292,1.0373162328885575,0.22928708201164383,0,1,0,0,0,1,0,1,0,0,0,1,0,0,1,0,0,0,0,0,0,0
0.45294254818728313,0.9930610464600562,3.7132698433022484,0.04635766652710737,0.859169741323293,0.010726154047298082,20.0,0,-1.196330134577051,0.06673858034120027,0.22928708201164383,0,0,1,0,0,0,1,1,0,0,0,1,0,0,0,1,0,0,0,0,0,0
0.2043246709802797,0.9628362283917511,3.700282465188873,0.029687593579543453,0.8561647449817903,0.006869062355447883,20.0,1,0.3226616545539768,1.985414566507706,2.736761574946863,0,1,0,0,0,1,0,0,0,0,0,0,0,0,0,1,0,0,0,0,0,0
0.3950925605149819,0.9899325174518773,3.679910433532983,0.040867946793629824,0.8514511006988161,0.009455952504618182,20.0,1,2.4671206509742514,1.1259111957232617,3.238256473533907,0,0,1,0,0,1,0,1,0,0,0,1,0,0,1,0,0,0,0,0,0,0
0.1893518474613519,0.8750927867718321,2.9877760688740658,0.046627666581817495,0.8334190575976848,0.013006458665170934,12.0,1,-0.21345309455109185,-0.3673106219049441,-0.0214603672818781,0,0,1,0,0,0,1,1,0,0,0,0,0,1,0,0,0,1,0,0,0,0
0.09377790984777172,0.8297494277867028,4.304925383531625,0.027366448032883354,0.8689452564699544,0.005523892538434014,31.0,1,1.3055386945799359,-0.7253268336586185,-1.2751976137494878,0,0,1,0,0,0,1,0,0,1,0,0,0,0,0,1,0,0,0,0,0,0
0.06722154475830688,0.7490593447969769,4.1246680198110095,0.04333666003607414,0.8674585924344773,0.0091141294123901,27.0,0,-0.5708629272878043,0.5199613193202285,-0.0214603672818781,0,0,1,0,0,1,0,0,0,0,0,0,0,0,0,1,0,0,0,0,0,0
0.15796854699966348,0.8527113370324145,3.2736655629893483,0.04193016375052285,0.8184163907473371,0.010482540937630713,16.0,0,-1.2856825927612292,-0.841029210494986,-0.7737027151624438,0,0,1,0,0,1,0,0,0,0,0,0,0,0,0,0,0,0,0,1,0,0
0.44640493756967015,0.9679505356936393,3.4794069123744094,0.021743084649800504,0.8050589542409055,0.0050308760748522495,20.0,0,-1.106977676392873,-0.6572277204349278,0.22928708201164383,0,0,1,0,0,0,1,1,0,0,0,1,0,0,0,1,0,0,0,0,0,0
0.011407757737461145,0.39864578980597576,2.3423942299496767,0.03139566494214756,0.7389431071346769,0.009904229572580596,9.0,1,-0.30280555273527,-0.14945957523304074,-1.2751976137494878,0,0,1,0,0,1,0,0,0,1,0,0,0,0,0,0,0,0,1,0,0,0
0.3194539658094463,0.9962572968375276,3.354621195501312,0.023230740623699554,0.838655298875328,0.005807685155924888,16.0,1,-0.21345309455109185,-0.354087493123645,0.22928708201164383,0,0,1,0,0,1,0,0,1,0,0,1,0,0,0,0,0,0,1,0,0,0
0.32744491915447643,0.9951442089848421,3.5944279352861335,0.031460296829748546,0.831672312998028,0.007279227265942861,20.0,1,-1.3750350509454072,-0.14350916728145613,0.22928708201164383,0,0,1,0,0,1,0,0,0,0,0,1,0,0,0,0,0,0,1,0,0,0
0.179116319181652,0.9139014134928694,3.6388794138803213,0.022268841511873888,0.8419574166874604,0.005152524758155248,20.0,1,-0.03474817818273565,0.1156641568320071,-0.2722078165754,0,0,0,1,0,1,0,1,0,0,0,0,0,0,0,0,0,0,1,0,0,0
0.2990065777216771,0.992183779438731,3.326631128263476,0.043505192921700464,0.831657782065869,0.010876298230425116,16.0,1,1.1268337782115798,0.581779446372802,0.48003453130516577,0,0,1,0,0,1,0,0,0,0,0,0,0,0,0,0,0,0,0,0,1,0
0.4784338654596382,0.9679505356936393,2.8995505923733713,0.04229787515156548,0.8088091833011066,0.011798693889561411,12.0,0,-0.48151046910362616,0.4512010496574729,1.2322768791857315,0,0,0,1,0,1,0,1,0,0,0,0,1,0,0,0,0,0,0,1,0,0
0.35081592989560473,0.9953784388202257,4.186796342399754,0.027670913793039535,0.8805247948547189,0.005819467606846484,27.0,1,0.9481288618432235,-0.9035084939866245,-0.7737027151624438,0,0,1,0,0,1,0,1,0,0,0,1,0,0,0,1,0,0,0,0,0,0
0.19938228214288045,0.8999784480561683,2.9493812040440206,0.03433611243440668,0.8227090809041153,0.009577816344661799,12.0,1,0.054604280001442455,0.24293677135201136,-0.2722078165754,0,0,1,0,0,1,0,1,0,0,0,0,0,0,1,0,0,0,0,0,0,0
0.3950925605149819,0.9968555249870342,3.7532510536318826,0.04765390235381856,0.818600163696332,0.01039352063322728,24.0,1,-1.196330134577051,0.1794657532017755,-0.6065377489667626,0,0,1,0,1,0,0,1,0,0,0,1,0,0,0,1,0,0,0,0,0,0
0.23768828956288537,0.9748983373999445,3.5330401777180116,0.030080106296123434,0.8832600444295029,0.007520026574030858,16.0,0,-0.48151046910362616,-0.5177237117922219,-0.2722078165754,0,0,1,0,0,1,0,0,1,0,0,0,0,0,0,0,0,1,0,0,0,0
0.052915080344847695,0.6437935214851035,3.0168078200462767,0.03709431402085124,0.841517259787072,0.010347197219884263,12.0,0,1.3055386945799359,-0.787806117150257,-1.2751976137494878,0,1,0,0,0,1,0,1,0,0,0,0,0,1,0,0,0,1,0,0,0,0
0.21407106810421878,0.9435101346706889,3.538013472171271,0.034520868440147616,0.818619235326144,0.007987376856404464,20.0,0,-1.196330134577051,-0.9907811439431988,-0.2722078165754,0,0,1,0,0,0,1,1,0,0,0,0,0,0,0,0,0,0,0,1,0,0
0.3154190889380809,0.9995844639313985,2.6734959874061603,0.032891456681142434,0.8433940822542247,0.01037609932921974,9.0,1,-0.7495678436561605,0.09285425968426608,1.2322768791857315,0,0,1,0,0,1,0,0,0,0,0,0,1,0,0,0,0,1,0,0,0,0
0.1242476193280406,0.8385800999954849,3.4548612000681596,0.025186000447192658,0.8637153000170399,0.0062965001117981645,16.0,0,-0.9282727600245168,-0.7352441802445928,-1.0244501644559658,0,0,1,0,0,1,0,1,0,0,0,0,1,0,0,0,0,0,0,1,0,0
0.2043246709802797,0.9149263727797274,3.773980409982618,0.027662515520370877,0.823121325286525,0.006033313362109269,24.0,1,-0.21345309455109185,-0.6238393202621475,-1.2751976137494878,0,0,1,0,0,1,0,0,0,0,1,0,0,0,0,0,0,0,1,0,0,0
0.06722154475830688,0.6800770457282799,2.8645639547787356,0.0298532592273777,0.7990499075520304,0.008327356066171496,12.0,0,0.14395673818562058,-0.016567130980984338,-1.442362579945169,0,0,1,0,0,1,0,1,0,0,0,0,0,0,0,1,0,0,0,0,0,0
0.15796854699966348,0.9021932572871765,3.3909358653792503,0.05217448886534867,0.8477339663448126,0.013043622216337168,16.0,0,1.9310059018691828,-0.718054112828904,0.22928708201164383,0,1,0,0,0,1,0,0,0,1,0,0,0,1,0,0,0,0,0,1,0,0
0.1183500114082751,0.8400260364931235,3.337795353665193,0.03159550160107404,0.8344488384162982,0.00789887540026851,16.0,0,-0.6602153854719823,-0.4486328639099339,-0.7737027151624438,0,0,1,0,0,1,0,0,1,0,0,0,0,0,0,0,0,0,0,1,0,0
0.5574381850279891,0.9775387286988189,3.420422537561069,0.04535199158175877,0.7914112549922493,0.010493462775423772,20.0,0,-0.6602153854719823,-0.27243467289912277,-0.0214603672818781,0,0,0,1,0,0,1,1,0,0,0,1,0,0,0,0,0,0,0,1,0,0
0.1242476193280406,0.8221855039190835,2.6363509558844864,0.024454647204345814,0.8316761294620377,0.007714582267157426,9.0,1,1.2161862363957578,-0.4410295648606869,-0.7737027151624438,0,1,0,0,0,1,0,1,0,0,0,0,0,0,0,0,0,1,0,0,0,0
0.1242476193280406,0.7527960664084545,3.3235035290381747,0.04007928128197686,0.8308758822595437,0.010019820320494215,16.0,1,2.288415734605895,-0.7190458474875013,-0.7737027151624438,0,1,0,0,0,1,0,1,0,0,0,0,0,0,0,1,0,0,0,0,0,0
0.10008207543778842,0.7727448592131423,4.002528217411273,0.028383444083858043,0.8729685830105975,0.006190550976020786,24.0,0,-1.106977676392873,-0.7253268336586185,-1.0244501644559658,0,0,1,0,0,0,1,1,0,0,0,0,0,0,0,0,1,0,0,0,0,0
0.3546271671967252,0.9832692110965187,4.48770202933095,0.025030784267804418,0.8749179981891219,0.004879977218085535,35.0,1,0.054604280001442455,-0.7114425484382544,0.22928708201164383,0,0,0,1,0,1,0,1,0,0,0,0,0,0,0,0,0,0,0,1,0,0
0.10008207543778842,0.7509319796338464,3.423531236478479,0.030297208720364406,0.8558828091196198,0.0075743021800911015,16.0,0,3.5393501491843886,-0.6797070393631365,-1.2751976137494878,0,0,0,1,0,1,0,0,0,0,0,1,0,0,0,1,0,0,0,0,0,0
0.0740883836872965,0.7916985001248851,4.342102099757801,0.03336258469114287,0.87644934268233,0.0067342072459251395,31.0,1,0.14395673818562058,0.171531875932996,-0.9408676813581252,0,1,0,0,0,1,0,1,0,0,0,0,0,1,0,1,0,0,0,0,0,0
0.22836402584056475,0.9118318792514706,3.9282327617057917,0.028041849048354786,0.856764425246211,0.006116047632656574,24.0,1,1.3055386945799359,-0.34383956831813817,-0.7737027151624438,0,0,1,0,0,1,0,0,0,0,0,0,0,0,0,1,0,0,0,0,0,0
0.3879256793719372,0.9989581233509567,4.703695460809902,0.019657622909164223,0.8962958136827295,0.0037457878102941495,38.0,1,-0.8389203018403386,-0.7368970713422552,0.22928708201164383,0,0,1,0,0,1,0,1,0,0,0,0,1,0,0,1,0,0,0,0,0,0
0.18426059333965522,0.8966061451541427,4.481637704915798,0.02715771902942711,0.8737357034326971,0.005294642338843382,35.0,0,-1.017625218208695,-0.2122694369442117,-0.5229552658689219,0,0,1,0,0,1,0,1,0,0,0,0,0,0,0,0,0,0,1,0,0,0
0.179116319181652,0.8485481782946158,2.974137798161162,0.03165174338606402,0.82961475819144,0.008829030535102358,12.0,1,1.9310059018691828,-0.7160706435117091,-0.7737027151624438,0,1,0,0,0,0,1,0,0,0,0,0,0,0,1,0,0,0,0,0,0,0
0.5293608652873644,0.982824252303905,3.2031242408227643,0.037903686690611574,0.8007810602056911,0.009475921672652893,16.0,1,-0.7495678436561605,0.19500292951980197,0.22928708201164383,0,0,1,0,0,1,0,1,0,0,0,1,0,0,0,0,0,0,1,0,0,0
0.14701903522171578,0.8750927867718321,3.567487036304341,0.03873255066176636,0.8254387759307031,0.008961868363239351,20.0,1,1.3948911527641141,-0.30516191663283815,-1.0244501644559658,0,1,0,0,1,0,0,0,0,1,0,0,0,0,0,1,0,0,0,0,0,0
0.10627369308465989,0.7933733558484901,3.906315351704401,0.03250677542405281,0.8519841440557012,0.00708986723859572,24.0,1,-0.03474817818273565,-0.3415255207814108,0.22928708201164383,0,0,1,0,0,1,0,0,0,1,0,0,0,0,0,0,0,0,0,1,0,0
0.40217919020227266,0.9997662707810439,4.773664420210842,0.02079182487031347,0.8852714048407938,0.003855823617223005,42.0,1,0.054604280001442455,0.16029221646889172,0.48003453130516577,0,0,1,0,0,1,0,1,0,0,0,0,1,0,1,0,0,0,0,0,0,0
0.08079313589591124,0.8048764985440612,4.472703010038865,0.04002662011998411,0.8719938040585712,0.007803550708306246,35.0,0,-1.017625218208695,2.697480051380665,2.235266676359819,0,1,0,0,0,0,1,0,1,0,0,0,0,0,0,1,0,0,0,0,0,0
0.5088990708641272,0.9614969508235551,3.8674309137064897,0.03228801649923796,0.8435032812369114,0.0070421549781834476,24.0,1,0.8587764036590454,1.4716960133542343,1.7337717777727755,0,0,1,0,1,0,0,1,0,0,0,1,0,0,0,0,0,0,1,0,0,0
0.1300588461790969,0.8540846597591107,3.234896834034673,0.038878040479352824,0.8087242085086682,0.009719510119838206,16.0,1,0.23330919636979866,-0.6397070747997066,-0.7737027151624438,0,1,0,0,0,1,0,1,0,0,0,0,0,0,0,1,0,0,0,0,0,0
0.32744491915447643,0.9819165980553664,2.8247559374132747,0.03456249437555684,0.7879457419275775,0.009640963990168427,12.0,1,1.6629485273166484,-0.38846762795502277,0.22928708201164383,0,0,1,0,0,1,0,0,0,0,0,0,0,0,0,1,0,0,0,0,0,0
0.19938228214288045,0.94433082595598,2.920353507669124,0.038246386186097804,0.8146120097718349,0.01066855962326082,12.0,1,-0.03474817818273565,-0.6218558509449527,-1.0244501644559658,1,0,0,0,0,1,0,0,0,0,0,0,1,0,0,1,0,0,0,0,0,0
0.14144054254182076,0.8540846597591107,3.2434926355940603,0.022251149564337165,0.8108731588985151,0.005562787391084291,16.0,0,-1.017625218208695,0.45649030116999256,0.7307819805986877,0,1,0,0,0,0,1,0,0,0,0,0,0,0,0,1,0,0,0,0,0,0
0.15796854699966348,0.8812908992306927,3.023805907783456,0.028574457970306725,0.8434693269944059,0.007970643476621773,12.0,1,-0.03474817818273565,-0.6678062234599672,-0.6065377489667626,0,0,1,0,0,1,0,0,0,1,0,0,1,0,1,0,0,0,0,0,0,0
0.08735191991631625,0.6930283686032682,4.416133944657924,0.036184037048302455,0.8913926029534076,0.007303714827052704,31.0,1,3.4499976910002106,0.005912187947224208,-1.3587800968473283,0,1,0,0,0,1,0,1,0,0,0,0,0,0,1,0,0,0,0,0,0,0
0.22364166448448095,0.8999784480561683,2.9412251340500775,0.033750551653275916,0.8204340027150678,0.009414478295515404,12.0,1,1.3948911527641141,0.4432671723886934,-0.8572851982602845,0,0,1,0,0,1,0,1,0,0,0,0,1,0,0,0,0,0,0,1,0,0
0.1300588461790969,0.8016291015856118,3.4632338605626587,0.02829233752149165,0.8013168624113624,0.006546230501835555,20.0,1,1.4842436109482922,-0.3686329347830741,-0.9408676813581252,0,1,0,0,0,1,0,1,0,0,0,1,0,0,0,0,0,0,0,1,0,0
0.4594130327047206,0.9748983373999442,4.289058902636829,0.03493959635059324,0.8361907285029127,0.006811789529875364,35.0,1,-0.8389203018403386,0.44888700212074556,2.235266676359819,0,0,1,0,0,1,0,1,0,0,0,1,0,0,0,1,0,0,0,0,0,0
0.2513881446901186,0.9673324338116666,3.832620096986747,0.052385592096965805,0.8359108927028138,0.01142552247455159,24.0,0,-1.017625218208695,-0.6155748647738356,-0.2722078165754,0,1,0,0,0,0,1,0,1,0,0,0,0,0,1,0,0,0,0,0,0,0
0.25588191564677054,0.9558956318258475,3.7323791629663132,0.031402691754374025,0.8635912215618632,0.007265898706533769,20.0,1,-0.12410063636691375,-0.6152442865543031,-0.5229552658689219,0,1,0,0,0,1,0,0,1,0,0,0,0,0,0,0,0,0,0,1,0,0
0.3431229071320202,0.9941491714808931,2.4993215352285576,0.022799974161202396,0.7884481601587952,0.0071925910394815195,9.0,1,-0.7495678436561605,0.8488866477550446,1.5666068115770941,0,0,1,0,0,1,0,1,0,0,0,1,0,0,0,0,0,1,0,0,0,0
0.1739171169222175,0.8788323569105614,3.3598257834993333,0.020667078237811328,0.8399564458748333,0.005166769559452832,16.0,1,-0.5708629272878043,-0.7474755743672945,-0.2722078165754,0,0,1,0,0,1,0,0,0,0,0,0,0,0,0,0,0,0,0,1,0,0
0.19938228214288045,0.9159448069797607,3.600673946254413,0.04593604831783275,0.833117503855245,0.010628600779400492,20.0,1,0.9481288618432235,-0.7296243505125407,-0.7737027151624438,0,0,1,0,0,0,1,1,0,0,0,0,1,0,0,1,0,0,0,0,0,0
0.3584153246392746,0.9946583178227808,4.54028057691059,0.03267416192262326,0.8651568767441583,0.006226107704216962,38.0,1,-0.6602153854719823,-0.2549140272639014,-0.2722078165754,0,0,1,0,0,1,0,0,0,0,1,1,0,0,0,0,0,0,1,0,0,0
0.4126626559236273,0.9977366703420345,3.3951700716378994,0.044372003189383676,0.8487925179094749,0.011093000797345919,16.0,1,0.054604280001442455,-0.902516759328027,-1.2751976137494878,0,0,1,0,1,0,0,0,0,0,0,0,0,0,0,0,0,0,0,1,0,0
0.1739171169222175,0.8966061451541427,3.4597338024255633,0.02973932735995233,0.8649334506063908,0.007434831839988083,16.0,1,-0.30280555273527,-0.19243474377226297,-0.9408676813581252,0,0,1,0,0,1,0,0,1,0,0,0,0,0,0,1,0,0,0,0,0,0
0.24229218908241493,0.9673324338116666,3.9208972348380313,0.026297391812944562,0.8551645153523774,0.005735574022428402,24.0,0,-1.196330134577051,-0.6823516651193963,-1.0244501644559658,0,0,1,0,0,0,1,1,0,0,0,1,0,0,0,0,0,0,0,1,0,0
0.4091874050295284,0.9927744539878083,4.069590707820955,0.02410127294236477,0.8875952000001872,0.005256591071044515,24.0,1,-0.03474817818273565,1.8594642648658317,1.2322768791857315,0,1,0,0,1,0,0,0,0,0,0,0,0,0,0,0,0,1,0,0,0,0
0.48464773973144526,0.9968555249870342,3.4234651391047253,0.03217926529406899,0.8558662847761813,0.008044816323517247,16.0,1,-1.2856825927612292,-0.477062590789727,0.22928708201164383,0,1,0,0,0,0,1,1,0,0,0,1,0,0,0,0,0,0,0,1,0,0
0.38067661270656566,0.99819587904281,4.305228138532582,0.04270778566157236,0.8690063672903559,0.008620527525732466,31.0,1,2.4671206509742514,-0.1673107990877946,0.22928708201164383,0,0,1,0,0,1,0,1,0,0,0,1,0,0,0,1,0,0,0,0,0,0
0.3194539658094463,0.9667082895772556,3.7716131098275225,0.018864531528040265,0.8726691020818146,0.00436484159705391,20.0,1,-0.12410063636691375,-0.26714542138660313,-0.2722078165754,0,0,1,0,0,1,0,0,1,0,0,0,1,0,1,0,0,0,0,0,0,0
0.2735138277070637,0.9775387286988189,4.161010524931109,0.035433536466907715,0.8751017817010087,0.00745202414374378,27.0,1,0.054604280001442455,0.9500435829319831,1.2322768791857315,0,0,1,0,0,1,0,0,0,0,0,0,0,0,1,0,0,0,0,0,0,0
0.26476503393568085,0.9888799605926126,3.7247789039264005,0.022792606982938435,0.8123902656435119,0.004971165408518267,24.0,1,-0.8389203018403386,0.34144908077269,1.2322768791857315,0,0,0,1,0,1,0,1,0,0,0,0,0,0,0,0,0,0,0,1,0,0
0.24685851466035832,0.9732424074349137,4.62216845672072,0.031136239026600912,0.8807607279026127,0.005933054324176437,38.0,1,0.14395673818562058,1.315332515515372,1.2322768791857315,0,0,1,0,0,1,0,0,0,0,0,0,0,0,1,0,0,0,0,0,0,0
0.2990065777216771,0.9819165980553664,4.177955981418138,0.020973193073715757,0.8433165986294717,0.004233419864639548,31.0,1,1.6629485273166484,-0.8968969295959749,0.22928708201164383,0,0,1,0,0,1,0,0,0,0,0,0,0,0,0,1,0,0,0,0,0,0
0.2863969571159563,0.9841414105340351,3.930858190419267,0.04425545124098729,0.857337042516922,0.00965230385941574,24.0,1,0.3226616545539768,-0.40268249139491935,-0.10504285037971874,0,0,1,0,0,1,0,0,0,0,0,1,0,0,0,0,0,0,1,0,0,0
0.2863969571159563,0.9451452706123662,4.715556647249989,0.01780585587800071,0.8985559795119455,0.003392930987020611,38.0,1,0.7694239454748673,-0.6205335380668228,-0.2722078165754,0,0,1,0,0,1,0,1,0,0,0,1,0,0,0,0,0,0,1,0,0,0
0.49080020306391225,0.9906049558738163,3.3968130053512517,0.026123389168773502,0.8492032513378129,0.006530847292193376,16.0,0,0.23330919636979866,3.1556614636526805,-0.2722078165754,0,0,0,1,1,0,0,1,0,0,0,0,1,0,0,1,0,0,0,0,0,0
0.14701903522171578,0.8267463724926178,4.01325134074186,0.022271102263272412,0.810071117353132,0.004495401649018067,31.0,1,-0.8389203018403386,-0.4945832364249484,-0.7737027151624438,0,0,1,0,0,1,0,1,0,0,0,0,0,0,0,0,0,0,0,1,0,0
0.15252732850878203,0.7849192945250534,3.5980768612949503,0.033806252564666295,0.8325165949779001,0.007822030312040002,20.0,0,-1.106977676392873,0.2812838448177789,0.9815294298922096,0,0,1,0,0,1,0,0,0,1,0,1,0,0,0,0,0,0,1,0,0,0
0.4784338654596382,0.9999884584088952,3.04391967049301,0.027059619763772576,0.8490799192127367,0.00754809004510627,12.0,1,0.6800714872906892,-0.2661536867280057,-0.4393727827710813,0,0,1,0,0,0,1,1,0,0,0,1,0,0,0,1,0,0,0,0,0,0
0.179116319181652,0.9238585576022822,3.71258858939684,0.04513599343773831,0.8590121140119514,0.0104434855108145,20.0,0,0.3226616545539768,-0.9137564187921313,-1.2751976137494878,0,1,0,0,0,1,0,0,0,0,1,1,0,0,0,1,0,0,0,0,0,0
0.2948328193632008,0.9902716614103877,3.482096391536173,0.03956602696767998,0.8705240978840433,0.009891506741919995,16.0,0,-1.106977676392873,0.019135316728523352,0.22928708201164383,0,0,1,0,0,1,0,0,1,0,0,0,0,0,0,1,0,0,0,0,0,0
0.41611895125187043,0.9849900098451574,3.718059258969332,0.03887893847600545,0.8109246822377564,0.008479663349458233,24.0,1,-0.6602153854719823,0.596324888032231,0.7307819805986877,0,0,0,1,0,1,0,1,0,0,0,0,1,0,0,1,0,0,0,0,0,0
0.08079313589591124,0.6599872509666215,3.3557794026758665,0.026190414784344085,0.8389448506689666,0.006547603696086021,16.0,0,-0.6602153854719823,-0.6770624136068766,-1.2751976137494878,0,0,1,0,0,1,0,1,0,0,0,0,0,0,0,0,0,0,0,1,0,0
0.37334332107985346,0.9912540071703689,2.9828617753900257,0.029944485551709296,0.8320482500974526,0.00835280300580149,12.0,0,-0.6602153854719823,-0.026815055786491175,1.2322768791857315,0,0,0,1,0,1,0,1,0,0,0,0,0,0,0,0,0,0,1,0,0,0
0.08735191991631625,0.7564987103663676,3.9773601596077115,0.0352782105420238,0.8364782884554087,0.00741935756124036,27.0,1,1.0374813200274016,-0.7329301327078654,-0.5229552658689219,0,0,1,0,0,1,0,0,0,1,0,0,0,0,0,0,0,0,0,1,0,0
0.179116319181652,0.9691686336805818,3.8084646185984554,0.03852505230234505,0.8811957383334745,0.008913857763602867,20.0,0,-1.106977676392873,-0.8575581214716099,-0.7737027151624438,0,1,0,0,0,1,0,0,1,0,0,0,1,0,0,1,0,0,0,0,0,0
0.20922047786915282,0.951436825808696,3.9752758475992755,0.0352248652667633,0.8670247241878236,0.007682694299293151,24.0,1,-1.2856825927612292,-0.7078061880233971,-0.7737027151624438,0,1,0,0,0,1,0,1,0,0,0,1,0,0,0,0,0,0,1,0,0,0
0.16334554318340241,0.8873172562752067,4.026675506730689,0.03143439220964996,0.846849795057939,0.0066109644435010054,27.0,0,-1.196330134577051,-0.718054112828904,-0.7737027151624438,0,1,0,0,0,0,1,1,0,0,0,0,0,0,0,0,0,0,1,0,0,0
0.5177526267252632,0.9877746553159469,4.202648933585827,0.05080242574461123,0.8838587520048848,0.010684253985293277,27.0,1,0.3226616545539768,-0.300203243339851,0.7307819805986877,0,0,1,0,0,1,0,1,0,0,0,1,0,0,0,0,0,0,0,1,0,0
0.1943918578315763,0.9367188103082079,3.827555815573598,0.01598100516412554,0.8856130253766636,0.0036976564193722324,20.0,1,-0.8389203018403386,-0.778219348783815,-0.7737027151624438,0,0,1,0,0,1,0,1,0,0,0,0,0,0,1,0,0,0,0,0,0,0
0.2863969571159563,0.9715325521731815,2.9989953328562415,0.05792757344967332,0.8365485921409105,0.016158487972474062,12.0,0,0.8587764036590454,0.13384595890629342,1.2322768791857315,0,1,0,0,0,1,0,0,0,0,0,0,0,0,0,0,0,0,0,1,0,0
0.4561861025695263,0.9966619137320386,4.114119707441186,0.03629706881011864,0.8304313050364194,0.007326530184930056,31.0,1,-0.30280555273527,-0.6364012926043817,-0.2722078165754,0,0,0,1,1,0,0,1,0,0,0,0,0,0,0,0,0,0,0,1,0,0
0.7035587015314071,0.897736939915567,3.8055724986860016,0.029690105462135564,0.8300116954255203,0.0064755394307948405,24.0,0,-1.106977676392873,-0.3385503168056185,0.7307819805986877,0,0,1,0,0,0,1,1,0,0,0,1,0,0,0,0,0,0,1,0,0,0
0.40217919020227266,0.9997662707810439,3.7391588374582065,0.01065185050045699,0.8651598905316021,0.0024646061356406275,20.0,1,2.288415734605895,-0.6340872450676543,-0.5229552658689219,0,0,1,0,0,1,0,0,0,0,1,0,1,0,0,0,0,0,0,0,1,0
0.6048125901165883,0.9715325521731815,4.18176935587817,0.030045333167815852,0.8440863247810245,0.0060646230559785064,31.0,1,1.5735960691324702,1.4660761836221823,-0.7737027151624438,0,0,0,1,1,0,0,1,0,0,0,1,0,0,0,0,0,0,1,0,0,0
0.37702062682797866,0.9858150371789198,3.29653678443238,0.026781910247350518,0.824134196108095,0.006695477561837629,16.0,1,0.41201411273815486,0.05285429512083617,-0.2722078165754,1,0,0,0,0,1,0,1,0,0,0,0,1,0,1,0,0,0,0,0,0,0
0.31135737042928324,0.9912540071703689,5.042742677374172,0.021568003561256578,0.893492411537767,0.003821501263680752,50.0,1,-0.48151046910362616,-0.026815055786491175,0.22928708201164383,0,0,1,0,1,0,0,0,0,1,0,1,0,0,0,0,0,0,1,0,0,0
0.5350826097473704,0.9918796925533511,3.3343121703302017,0.034869637264824165,0.8335780425825504,0.008717409316206041,16.0,1,1.3948911527641141,1.3490514939076848,-0.2722078165754,0,0,1,0,1,0,0,0,0,0,0,1,0,0,0,1,0,0,0,0,0,0
0.5519275534566073,0.9641511803032148,3.7637618221119817,0.03880407782677289,0.8708524851591897,0.008978418190870953,20.0,1,0.5907190291065111,0.681944646891143,1.2322768791857315,0,0,1,0,1,0,0,1,0,0,0,1,0,0,0,1,0,0,0,0,0,0
0.2990065777216771,0.968562600558214,4.11499665304772,0.032844392941212955,0.8306083157060804,0.00662961071452741,31.0,1,-0.12410063636691375,-0.48929398491242876,-0.2722078165754,0,0,1,0,0,1,0,1,0,0,0,0,0,0,1,0,0,0,0,0,0,0
0.13578841288558582,0.8206501291977117,3.2510672724942653,0.037643663464330554,0.8127668181235663,0.009410915866082638,16.0,0,0.054604280001442455,-0.3911122537112826,-0.7737027151624438,0,0,1,0,0,1,0,1,0,0,0,0,0,1,0,1,0,0,0,0,0,0
0.22364166448448095,0.9785531675659291,3.974642653094596,0.0358887882617434,0.8359067698838591,0.007547768111319973,27.0,0,-0.8389203018403386,-0.22020331421299116,0.9815294298922096,0,0,1,0,0,1,0,1,0,0,0,0,0,0,1,0,0,0,0,0,0,0
0.46581762974620733,0.9809852696140275,3.0232078936943187,0.03918563282076966,0.8433025151828412,0.010930555846229083,12.0,1,-0.48151046910362616,-0.4995419097179356,0.7307819805986877,0,0,0,1,0,1,0,0,1,0,0,0,1,0,0,0,0,0,0,1,0,0
0.1300588461790969,0.8849272200994921,3.686636267864704,0.048268770894828075,0.8040711930108138,0.010527626101028295,24.0,1,-1.3750350509454072,-0.6998723107546176,-1.0244501644559658,0,0,1,0,0,1,0,1,0,0,0,0,0,0,0,0,0,0,1,0,0,0
0.39864578980597576,0.9881489563064275,3.749142653182602,0.03641651855533071,0.8674699279744292,0.008425988992831639,20.0,1,-0.03474817818273565,1.1629359563108994,1.2322768791857315,0,0,0,1,0,0,1,1,0,0,0,0,1,0,0,1,0,0,0,0,0,0
0.41955649623854685,0.9997114417528099,2.897157581159344,0.015516943814307673,0.8081416697040898,0.00432834201506606,12.0,0,-1.3750350509454072,-0.7101202355601245,-0.7737027151624438,0,0,1,0,0,0,1,1,0,0,0,1,0,0,0,0,0,0,1,0,0,0
0.46262349176244294,0.9999884584088952,3.049600733746353,0.023625934587017308,0.8506646117310546,0.006590287787463509,12.0,1,2.199063276421717,-0.4621865709107655,0.22928708201164383,0,0,1,0,1,0,0,1,0,0,0,0,0,0,0,1,0,0,0,0,0,0
0.22364166448448095,0.9551678918612525,3.272376515671347,0.03587924671362876,0.8180941289178367,0.00896981167840719,16.0,1,0.3226616545539768,-0.5111121474015723,-0.7737027151624438,0,0,0,1,0,1,0,1,0,0,0,0,0,0,0,1,0,0,0,0,0,0
0.5118645037875602,0.9987271686073539,4.025548300113349,0.04112467213821334,0.8466127323268384,0.00864892641928998,27.0,0,1.9310059018691828,0.06343279814587549,0.7307819805986877,0,0,1,0,0,0,1,0,0,0,1,1,0,0,0,0,0,0,1,0,0,0
0.15252732850878203,0.8621745299412249,4.076920652230401,0.018042860685127907,0.857416847480704,0.0037945925485972838,27.0,1,1.0374813200274016,-0.8172275786886475,-0.7737027151624438,0,1,0,0,0,1,0,1,0,0,0,0,1,0,0,1,0,0,0,0,0,0
0.4056929882938096,0.9995123141215677,3.76113815322199,0.028837080478115836,0.8702454253395006,0.006672272153770605,20.0,1,0.23330919636979866,0.7540106987492233,1.2322768791857315,0,0,0,1,0,1,0,0,0,0,1,0,0,0,0,1,0,0,0,0,0,0
0.1183500114082751,0.8954686411420223,3.5227956458254632,0.01663074876678885,0.8150981618580755,0.00384799293316847,20.0,1,-0.3921580109194481,0.063102219926343,0.22928708201164383,0,0,1,0,0,1,0,0,1,0,0,0,0,0,0,0,0,0,0,1,0,0
0.5920419387483651,0.9558956318258475,3.7995730686346767,0.02704352855838433,0.8287031939818597,0.005898309649016903,24.0,1,-1.106977676392873,0.22475496927772504,0.22928708201164383,0,0,1,0,0,0,1,1,0,0,0,1,0,0,0,0,0,0,1,0,0,0
0.1183500114082751,0.8252336065126468,3.668478516743072,0.02979421272728371,0.8488060042189755,0.0068937317033406385,20.0,0,-0.7495678436561605,-0.16532732977059972,-0.7737027151624438,0,0,1,0,0,1,0,1,0,0,0,0,1,0,0,0,0,0,0,1,0,0
0.24685851466035832,0.9785531675659291,2.5150495273562403,0.029821396393040402,0.7934097892574418,0.009407603138708871,9.0,0,-1.106977676392873,-0.6387153401411091,-0.7737027151624438,0,0,1,0,0,1,0,1,0,0,0,1,0,0,0,0,0,0,0,1,0,0
0.24229218908241493,0.9076140601356764,3.9841228683660668,0.034692827764799185,0.8689542973883462,0.007566654636617513,24.0,1,-0.12410063636691375,-0.2816908630460322,0.22928708201164383,0,0,1,0,0,1,0,0,0,0,1,0,0,0,0,0,0,0,0,1,0,0
0.4753035717834445,0.9962572968375276,4.093475429354418,0.050561024265504684,0.8608984812977998,0.010633484860051785,27.0,1,0.41201411273815486,-0.684996290875656,0.22928708201164383,0,0,0,1,0,1,0,0,0,0,0,1,0,0,0,0,0,0,0,0,0,1
0.26476503393568085,0.9845686584264312,3.615393684488835,0.020985816051160008,0.8365233305861046,0.0048556606196167775,20.0,1,-0.30280555273527,-0.38251722000343813,1.2322768791857315,0,0,1,0,0,1,0,1,0,0,0,0,1,0,0,0,0,1,0,0,0,0
0.16334554318340241,0.8849272200994921,4.020278354967305,0.03742354783528074,0.8455044105960621,0.007870543271161105,27.0,1,1.2161862363957578,-0.10119515518129886,-0.7737027151624438,0,1,0,0,0,1,0,1,0,0,0,0,1,0,0,1,0,0,0,0,0,0
0.19938228214288045,0.94433082595598,3.456899453771817,0.02088410340347526,0.8642248634429542,0.005221025850868815,16.0,0,-0.9282727600245168,-0.15243477920883305,-0.7737027151624438,0,0,1,0,0,0,1,1,0,0,0,0,1,0,0,0,0,0,1,0,0,0
0.011407757737461145,0.5491528919535208,3.8263424129878714,0.031579514492711354,0.885332270454535,0.0073068116357762666,20.0,0,1.7523009855008265,-0.6631781283865125,-0.7737027151624438,0,0,0,1,0,1,0,0,0,0,0,0,0,1,0,0,0,0,1,0,0,0
0.3314018216238569,0.9975720245861465,2.910642319719733,0.03686493026041532,0.8119031423994599,0.010283212238063718,12.0,1,-0.03474817818273565,-0.2512776668490441,0.22928708201164383,0,0,0,1,0,1,0,1,0,0,0,0,0,0,0,1,0,0,0,0,0,0
0.09377790984777172,0.7780113035465376,3.458194919907811,0.024738981666665088,0.8001509613264256,0.005724061373425004,20.0,1,-1.196330134577051,-0.6453269045317587,-1.0244501644559658,0,0,1,0,0,1,0,1,0,0,0,0,0,0,0,0,0,0,0,1,0,0
0.2821337464520462,0.9732424074349137,3.3306771430020654,0.02719578141843654,0.8326692857505164,0.006798945354609135,16.0,1,0.23330919636979866,-0.06648444213038861,-0.2722078165754,0,0,0,1,0,1,0,0,0,0,0,0,0,0,0,1,0,0,0,0,0,0
0.4815485438118001,0.9862187199222405,3.822705340255933,0.032678881390452136,0.8039528461013233,0.006872692860889609,27.0,0,2.109710818237539,0.9870683435196207,2.235266676359819,0,0,1,0,0,0,1,1,0,0,0,0,1,0,1,0,0,0,0,0,0,0
0.5789769306918972,0.9790514648094593,3.494498563559662,0.03157569391032843,0.8736246408899155,0.007893923477582108,16.0,1,1.3055386945799359,0.6158290029846473,0.48003453130516577,0,0,1,0,0,1,0,1,0,0,0,1,0,0,1,0,0,0,0,0,0,0
0.38067661270656566,0.9997662707810439,3.2256408394925247,0.03606962287775617,0.8064102098731312,0.009017405719439042,16.0,1,-1.196330134577051,0.132854224247696,0.7307819805986877,0,0,1,0,0,1,0,1,0,0,0,0,1,0,0,0,0,0,1,0,0,0
0.3950925605149819,0.9995844639313985,3.2697865198748737,0.03747956882774618,0.8174466299687184,0.009369892206936545,16.0,1,-0.6602153854719823,0.6416141041081805,1.2322768791857315,0,0,1,0,0,1,0,1,0,0,0,1,0,0,0,0,0,0,1,0,0,0
0.1893518474613519,0.9544340029249649,4.551915244070212,0.032493425036261014,0.8673738790045398,0.00619166803524302,38.0,1,0.14395673818562058,-0.6896243859491108,0.22928708201164383,0,1,0,0,0,1,0,0,0,0,0,0,0,1,0,1,0,0,0,0,0,0
0.09377790984777172,0.7916985001248851,3.7795427885657107,0.029818922396119583,0.8745038569791875,0.006899448982363683,20.0,1,0.054604280001442455,0.2022756503495165,1.7337717777727755,0,0,1,0,0,1,0,0,0,1,0,0,0,0,0,0,0,0,1,0,0,0
0.32744491915447643,0.9795438195294626,3.5460954498869293,0.022673887035405595,0.8865238624717323,0.005668471758851399,16.0,0,-0.9282727600245168,0.026077459338705405,-0.2722078165754,0,0,1,0,0,1,0,1,0,0,0,1,0,0,0,0,0,0,0,1,0,0
0.10008207543778842,0.7814814932386424,3.005262344097069,0.03231497944661807,0.7513155860242673,0.008078744861654517,16.0,1,0.054604280001442455,-0.35375691490411254,-0.5229552658689219,0,0,1,0,0,1,0,0,0,1,0,0,0,1,0,1,0,0,0,0,0,0
0.09377790984777172,0.7077052118041788,3.892825673074019,0.03265538561077014,0.8490419872489093,0.007122279758151537,24.0,1,-0.9282727600245168,-0.07177369364290827,-0.2722078165754,0,0,1,0,0,0,1,0,0,1,0,0,1,0,0,0,0,0,0,1,0,0
0.1300588461790969,0.8687212463394046,3.622472631484338,0.0335407468371549,0.8381612446929767,0.007760598071224764,20.0,1,1.0374813200274016,-0.7342524455859955,-1.2751976137494878,0,0,0,1,0,1,0,1,0,0,0,0,1,0,0,1,0,0,0,0,0,0
0.22364166448448095,0.9679505356936393,3.7433485543250384,0.016573130201022527,0.8661292997338951,0.0038346612523766236,20.0,0,-0.03474817818273565,-0.7378888060008527,-1.2751976137494878,0,0,1,0,1,0,0,1,0,0,0,1,0,0,0,0,0,1,0,0,0,0
0.39864578980597576,0.9866165198488093,3.391690099228138,0.022571538960024624,0.8479225248070345,0.005642884740006156,16.0,1,1.0374813200274016,-0.4780543254483245,-0.2722078165754,0,0,1,0,1,0,0,1,0,0,0,0,0,0,0,0,0,0,1,0,0,0
0.24229218908241493,0.9877746553159469,3.507292869185677,0.037458903575938084,0.8115111571001468,0.008667174176324264,20.0,1,0.5013665709223329,-0.3064842295109681,0.7307819805986877,0,0,1,0,0,1,0,0,1,0,0,0,1,0,1,0,0,0,0,0,0,0
0.16866093149667033,0.9065431379027392,3.031482997257428,0.025106201934410807,0.845610796946303,0.007003197921696636,12.0,1,-0.9282727600245168,0.6878950548427276,0.22928708201164383,0,0,1,0,0,1,0,0,1,0,0,0,0,0,0,0,0,0,1,0,0,0
0.1893518474613519,0.9491240519851774,2.459395510498988,0.029395338694148038,0.7758529016869374,0.009273196899224168,9.0,0,-1.017625218208695,-0.7279714594148783,-0.7737027151624438,0,1,0,0,0,1,0,1,0,0,0,1,0,0,0,1,0,0,0,0,0,0
0.26034062501245053,0.9065431379027392,4.027020910054869,0.0329091989420778,0.878310544398448,0.0071776375350728954,24.0,1,2.5564731091584294,0.132854224247696,-1.0244501644559658,0,1,0,0,0,1,0,0,0,0,0,0,0,0,0,0,0,1,0,0,0,0
