entropy_1,entropy_2,mean_entropy_3,std_entropy_3,mean_entropy_3_scaled,std_entropy_3_scaled,n_bins,S,x1,x2
0.0,0.0,6.235508287601489,0.03279330881419717,0.870896695527378,0.004580153367525818,143.0,0.0,-0.4382387749311767,-0.6201955369580812
0.0,0.0,5.150148233575606,0.052220992929741354,0.7163106959563782,0.0072631804158898635,146.0,1.0,-0.2070104860696485,3.151189767852994
0.0,0.0,1.9968576061243575,0.08194894921044256,0.38930540575117234,0.01597668698329145,35.0,0.0,1.1734328258234543,-0.6358212923153498
0.0,0.0,4.751850587319839,0.05345314098129038,0.7538096226925336,0.008479536823476548,79.0,1.0,1.1754995577229084,-0.3624451496642884
0.0,0.0,5.0023057251874405,0.08035018521960634,0.6919949080704214,0.01111525806080144,150.0,1.0,-0.7670551958821816,-1.9018528623856907
0.0,0.0,5.634842400698362,0.056495962549664935,0.8201664148391877,0.00822313877873586,117.0,1.0,0.8786910377492445,0.0058012987617752
0.0,0.0,5.297305277142096,0.03639009084392314,0.7767105975275161,0.0053356504344626,113.0,0.0,1.2188688949987685,-0.3282545740819913
0.0,0.0,5.524648954806062,0.04651613332830542,0.8162675083451054,0.00687276396389197,109.0,1.0,0.1646151916866647,0.854493595869263
0.0,0.0,4.399254880260341,0.03725730730220563,0.741771997285606,0.00628207003305186,61.0,1.0,0.8265703994941083,-0.0181742484395129
0.0,0.0,6.040511160960213,0.06146140657223891,0.8436619705624716,0.008584149586114451,143.0,1.0,-0.1969166199390768,-0.9598828047471676
0.0,0.0,5.471269206950153,0.039635578171233844,0.8867642970815954,0.0064239967523054805,72.0,1.0,-0.7616024279066059,0.2508867333146612
0.0,0.0,2.8207477967621326,0.06796189503918525,0.523104924210591,0.012603467064474716,42.0,0.0,0.0922679361262773,0.1441903967373282
0.0,0.0,5.145312017341153,0.08014352496571031,0.7156380486344796,0.011146798410640858,146.0,0.0,1.6048373290877105,0.9166627770367004
0.0,0.0,2.739827698797749,0.07752440626721824,0.5975681804086312,0.01690840574051034,24.0,1.0,1.1783640104779602,-0.4968932581706353
0.0,0.0,3.339264729340614,0.05008504564016615,0.6510197854766652,0.009764531509512427,35.0,1.0,1.2614651971540332,-0.9373639109018822
0.0,0.0,3.0928710734814815,0.06730575651681628,0.6029831193295344,0.013121864458339828,35.0,1.0,0.9944453621178108,-0.2806110249152058
0.0,0.0,2.958935654451838,0.051251425691490195,0.5768712010385808,0.009991927823474992,35.0,1.0,-1.098333831982225,1.6495041472849026
0.0,0.0,5.669154448031774,0.0734959319782464,0.8207969084722853,0.01064095788993326,120.0,1.0,-1.3895375907745438,0.388977184310212
0.0,0.0,3.1021419388188103,0.051854589383514144,0.6524112163342117,0.010905534433763226,27.0,1.0,-0.4793485249125375,0.8196000621506255
0.0,0.0,5.620812384126564,0.03776527845538207,0.7775561436499371,0.005224266933826149,150.0,1.0,-0.0801447913362252,1.4241504199185078
0.0,0.0,3.4672178885574825,0.0377316528380916,0.6606832658560033,0.007189819741495016,38.0,1.0,-0.1040114164837685,0.8710412613928002
0.0,0.0,5.115361364701657,0.06831807037389137,0.7406171118381494,0.009891291808984029,120.0,1.0,0.9262549116729472,0.2867267585750133
0.0,0.0,3.781817069728548,0.05458403424821361,0.6483607715120094,0.009357974197295057,57.0,1.0,-0.6298573005139461,1.3329883165338527
0.0,0.0,4.029061142586065,0.07644619219395833,0.7034073141459702,0.013346238447333333,53.0,1.0,-0.7543039338573255,1.0035721645853977
0.0,0.0,5.135280887484564,0.04726255141367969,0.7103900522828435,0.006538073983764225,150.0,1.0,0.8560562830025887,1.8788102419345725
0.0,0.0,4.818721962971073,0.060664979402855486,0.6768874631417008,0.008521629661368565,139.0,1.0,1.3837343310949155,1.6853625157470282
0.0,0.0,4.108302167444253,0.0450323999229892,0.7043338992279206,0.007720426720481847,57.0,1.0,0.5413171102626515,0.3425771368973503
0.0,0.0,5.883850562388752,0.04648769293423504,0.8139435797614579,0.006430883789540156,150.0,1.0,-0.4393467668128535,1.8363017510818231
0.0,0.0,4.669640875850665,0.10049264016542153,0.6796787458080997,0.014626973132732759,117.0,1.0,-1.848033472956805,-1.0699643003594317
0.0,0.0,5.872343920242261,0.06025514771418212,0.8123518062450439,0.008335407248960721,150.0,1.0,0.9346603168588592,0.0378511573598867
0.0,0.0,6.049990283385388,0.040589846354659315,0.8449858941330646,0.00566907482626957,143.0,1.0,0.4985636637228576,-1.579001679841159
0.0,0.0,2.7684906271332914,0.02140773039849375,0.8733615545710485,0.006753387032422946,9.0,1.0,-0.8273165687333588,0.4217066135486343
0.0,0.0,5.336350639189872,0.11231209639767316,0.7382050743928412,0.015536715085320363,150.0,1.0,1.3143558986288244,0.6076601652261528
0.0,0.0,3.160616122284565,0.03447885775545365,0.6161906277823304,0.006721964384018248,35.0,1.0,0.2821462794581943,0.207156444341656
0.0,0.0,5.921054810021568,0.04187577407691755,0.8458649728602241,0.0059822534395596524,128.0,1.0,-0.874731147017228,-0.1105269167565576
0.0,0.0,6.272857286683413,0.04352218970615053,0.8918640731990977,0.006187910167870879,131.0,1.0,-0.0416577396214368,-0.7653802664602943
0.0,0.0,5.514524295995507,0.04936487855838873,0.8559013903425642,0.007661851852370779,87.0,1.0,0.6303324270823009,-1.5486120305057995
0.0,0.0,5.45915890545457,0.04500241075540573,0.7551937791207879,0.006225416998571695,150.0,0.0,0.2438031578145291,1.5320650250173145
0.0,0.0,4.551102759871142,0.017081769352376854,0.9571420475879598,0.0035924655093531907,27.0,1.0,0.3478112451892571,-0.6381726267629755
0.0,0.0,3.658688166735275,0.052726507074055295,0.846540730527963,0.012199764992950333,20.0,0.0,-0.3256066634452185,-0.2636251961497772
0.0,0.0,4.377628741646907,0.06746441198710593,0.7006529336692238,0.010797886473865708,76.0,1.0,1.187490807975783,-0.3147366512105898
0.0,0.0,3.4679188364337334,0.044849640664621306,0.6608168324638605,0.008546162375476845,38.0,0.0,0.435448916519302,0.2089115948361719
0.0,0.0,1.8490792300869985,0.05224318621798246,0.4032921163032766,0.01139446314114134,24.0,1.0,0.6554634820861849,0.0647330793004341
0.0,0.0,2.4279708302840683,0.03662965952118949,0.5617795523151444,0.008475305168663206,20.0,1.0,1.1783640104779602,-0.4968932581706353
0.0,0.0,6.090764791914906,0.03758202752164955,0.8425670988155733,0.00519891688126867,150.0,1.0,-1.044552155431792,-0.1699672394547469
0.0,0.0,5.122773852959634,0.08617397037969006,0.7086598892976557,0.01192089248178095,150.0,1.0,1.640209170006866,0.4604981302306726
0.0,0.0,2.9258269274016686,0.04284844804253269,0.6381354104731441,0.00934543042299542,24.0,1.0,0.0701039214544554,0.5466629174230484
0.0,0.0,4.814842862127912,0.039032573521602665,0.802473810354652,0.006505428920267101,64.0,0.0,0.0239067848242748,-0.0043497313084348
0.0,0.0,3.1924585852483593,0.03361070899701732,0.7981146463120898,0.00840267724925433,16.0,1.0,-1.167268115180457,0.4825299318463703
0.0,0.0,6.243631195396669,0.04810265814113975,0.8770449328930926,0.006756996251232768,139.0,1.0,0.6303324270823009,-1.5486120305057995
0.0,0.0,2.6479268270006395,0.05301728347105874,0.6126725778091986,0.012267044316118008,20.0,1.0,-0.4983085420033858,0.586997354650258
0.0,0.0,4.189034460330083,0.09448901310403585,0.5919377724178383,0.013351911153854689,135.0,1.0,0.5961564495884004,1.8830145737286712
0.0,0.0,6.290268871015867,0.034014657735917726,0.8748848903756453,0.004730944052578699,146.0,1.0,0.4399767038124488,-1.2981505400699724
0.0,0.0,5.676921284682427,0.0511298764188653,0.7895771639755755,0.007111421982573369,146.0,1.0,-0.4472598812659267,-1.143774553561736
0.0,0.0,5.0113276593518,0.08320574205734975,0.6932429590384476,0.011510282055731295,150.0,1.0,-0.8191841674885328,-1.7187645579153414
0.0,0.0,5.548387254978618,0.06234697978330744,0.7716999503313205,0.008671557876374601,146.0,1.0,0.3615016047750177,1.3062985606057322
0.0,0.0,5.3621498351756305,0.07274560964744778,0.7457970345817326,0.010117856013273802,146.0,1.0,-1.484754126626444,-1.194936325618729
0.0,0.0,4.673594797506379,0.043702217683896205,0.7065457000603365,0.006606823082765457,98.0,1.0,0.5679966915636899,1.0701950696652736
0.0,0.0,5.479914489384396,0.05159640498448887,0.7621763847653634,0.007176309319086647,146.0,1.0,0.5950494666631286,0.7952837777716156
0.0,0.0,4.330159699589144,0.05470007138929406,0.8251180467902042,0.010423175863075307,38.0,1.0,-1.3038477412088594,0.5557216957389057
0.0,0.0,3.3446610269026884,0.022712530104989317,0.932969599048769,0.006335500050675692,12.0,1.0,0.0505801318941106,-0.2219605047779572
0.0,0.0,2.9025463778934575,0.03161725786445486,0.9156514354670231,0.009974134356512872,9.0,1.0,-0.0806954109881295,-0.2532526365760155
0.0,0.0,2.9650519699248314,0.019220963376366168,0.9353697543556189,0.0060635388432283485,9.0,1.0,0.2637454902318888,-0.4901654344825736
0.0,0.0,3.5413839781364063,0.039892356927572314,0.8193990969738012,0.009230222264633018,20.0,1.0,0.1935153757538829,-0.8763148983801381
0.11236071009937675,0.0,3.923086419878417,0.018992445073617713,0.9077167259027847,0.004394438004668541,20.0,0.0,0.2081164055347524,-0.6032501360716559
0.0,0.0,4.936935194460681,0.03317998526815752,0.8619070801738575,0.005792675637058525,53.0,0.0,0.0735986292873764,-0.7841014920445216
0.0,0.0,4.642883873575725,0.0346124138810849,0.8610182801855831,0.006418838352295756,42.0,1.0,0.226040981371386,-0.9478367133481618
0.0,0.0,4.867344871636611,0.050335331439470686,0.6733250728830664,0.006963147589473956,150.0,1.0,1.7893217075909715,2.4884796564895084
0.179116319181652,0.0,3.5679823655442915,0.03491284142717425,0.7201939814261553,0.00704712515206082,31.0,1.0,1.2197207063560749,-1.1606814724294956
0.0,0.0,5.4697594345028495,0.06310161327134893,0.7566602053104802,0.008729173599873538,150.0,1.0,0.2011319121022027,1.7821281750554587
0.0,0.0,5.334687512004438,0.07183054403034947,0.7379750053792664,0.009936691886433527,150.0,1.0,-0.9232172375677596,-1.3498265543840091
0.0,0.0,3.732057441576842,0.06489912489647906,0.7111488167503175,0.012366619914285648,38.0,1.0,-0.8914569293034865,1.7697962682242234
0.14144054254182067,0.0,4.235311641101372,0.027508051553746634,0.8907280433394714,0.005785216062678785,27.0,1.0,-0.0525800486455129,-0.3233425212584272
0.0,0.0,4.100226664415295,0.04582848165632692,0.7158316350480765,0.008000893521455462,53.0,1.0,0.3045511724247615,0.5612655887874328
0.0,0.0,5.223049022393349,0.042109617185656256,0.8465336322844091,0.006824980396976052,72.0,0.0,-1.423208602164711,0.6498777196042642
0.0740883836872965,0.0,2.5358615020710924,0.05748591461747374,0.5333168241976869,0.012089857981144168,27.0,1.0,-1.086607021418592,1.2894416637672246
0.011407757737461138,0.0,3.4426427336681478,0.028962843477648825,0.7965525242635648,0.006701370971884177,20.0,1.0,-0.8007876929859593,0.1095947146492234
0.0,0.0,6.132144214749863,0.039951078183058424,0.8482913290953231,0.005526639952331961,150.0,1.0,-0.2113770617794276,-0.9223894069682952
0.0,0.0,5.090460578107044,0.0328916773211955,0.814743859808547,0.005264414039763225,76.0,1.0,-0.7266451348949167,-0.2133265635586821
0.0,0.0,5.616154088025155,0.06253360376498761,0.7889030167061871,0.008784115941707605,139.0,1.0,0.4327976097504686,0.8317312159052721
0.0,0.0,6.0491266085281366,0.04051854095777283,0.8547808722116527,0.00572553296070881,135.0,1.0,-0.142383397087277,-0.9116593844579955
0.1242476193280406,0.0,3.9970066765208694,0.0475752044565581,0.7082049120532978,0.008429556469343192,50.0,0.0,0.6422214226293639,-0.5382888953889957
0.0,0.0,5.603968005768068,0.07150818195903257,0.7826911605215512,0.00998735572128422,143.0,1.0,-1.1199439806625406,-0.1800744502601196
0.0,0.0,3.2934472683396514,0.044953530235012265,0.6107665795836026,0.008336588281156297,42.0,1.0,0.2154944296097651,0.1974238511358862
0.0,0.0,5.2451852705692925,0.05259202926245197,0.7542475127909486,0.007562632246072775,124.0,0.0,-0.8194948986738485,2.363364207594027
0.0,0.0,4.943864089499486,0.0756354481075131,0.6944662189215315,0.010624536336915768,139.0,0.0,-0.1799905073962712,1.9386362358423552
0.0,0.0,5.4545455396064,0.08943114478058194,0.7755179147356955,0.012715166535701474,131.0,1.0,0.7122236957538346,0.7835531321573372
0.020814071335501033,0.0,4.483434057486927,0.031674190617786126,0.8543246921764336,0.006035561759694003,38.0,1.0,1.0142266888419569,-1.7237049019816493
0.029464051844922262,0.0,2.861844750783264,0.06232936423083187,0.5579424534245717,0.012151671885704533,35.0,1.0,-0.0371175485055297,0.2513381967643697
0.0,0.0,3.7851949391550717,0.06147610507191402,0.6489398788530225,0.01053956185057902,57.0,1.0,-0.4793485249125375,0.8196000621506255
0.0,0.0,2.8374649341686213,0.03187384995095345,0.5967470172275533,0.006703386764976216,27.0,0.0,0.8755565445993193,-0.1778494936265616
0.020814071335501033,0.0,3.912517745743642,0.044884344066033054,0.853336912816245,0.009789468083757137,24.0,1.0,-1.4772167370475813,0.8904447887314091
0.0,0.0,4.468737235675269,0.06939441129012015,0.6314615909361203,0.009805880955699809,135.0,1.0,2.383101642381717,-0.2899351896747356
0.0,0.0,5.23097834423376,0.04379296403523931,0.723628378051757,0.006058107957917987,150.0,1.0,-0.4225217337181048,-1.932357470778236
0.0,0.0,5.484991108459232,0.05895195337339199,0.7660739768163523,0.008233660997589608,143.0,1.0,-1.5987468634329378,0.0652602842906453
0.0,0.0,6.0886629268102626,0.05553665552162062,0.8503871983752544,0.00775665551926097,143.0,0.0,-0.8215296820305332,-0.2474723761586123
0.0,0.0,5.889936594189318,0.05771637108399868,0.8273613356285295,0.008107437678497023,139.0,1.0,-0.5150280197491415,-0.8174568893384113
0.0,0.0,4.446005841411027,0.04888774116049546,0.8245074413887004,0.009066183855197195,42.0,1.0,-0.6388335822103705,-0.1252770945276939
0.0,0.0,4.099053733283669,0.07792024446633543,0.6831756222139448,0.012986707411055915,64.0,1.0,0.1047613585915954,0.8395183174466986
0.0,0.0,3.889531869681021,0.04758727743378105,0.704170949945777,0.008615324280303916,46.0,1.0,-0.2830725523069525,1.1771497495405696
0.0,0.0,3.8043241761241404,0.041918616283507834,0.724919345089776,0.007987651539798368,38.0,1.0,0.1379597377576812,0.339944575613189
0.0,0.0,5.629021998484868,0.05642037114358882,0.8003246779348275,0.00802175144751791,131.0,0.0,0.467064652120386,0.6285476964616754
0.0,0.0,5.270932274958374,0.06561058306517852,0.7331099989704677,0.009125477614630272,146.0,1.0,1.215301692661151,1.0044387230626597
0.0,0.0,2.0693873654337662,0.03847991025710252,0.47881115094944643,0.008903412877836272,20.0,1.0,0.3285021966509558,0.4830108052732483
0.0,0.0,4.995017955139699,0.10508261649262837,0.7380144682014597,0.0155259684798983,109.0,1.0,0.8739365219740886,0.8185967968588372
0.9775387286988189,0.0,4.4505647785043205,0.02173578979953541,0.9359979129851798,0.0045712521673006235,27.0,1.0,0.8721925136653922,-1.0219979707101885
0.8527113370324145,0.0,3.314488389971205,0.024307779526939816,0.9245531548250389,0.006780483623482801,12.0,1.0,0.2474485470356364,-0.4364180392145722
0.020814071335501047,0.0,2.1778555727821103,0.06930242826032451,0.47499964774838643,0.015115157048596181,24.0,1.0,-0.4905840876000586,0.7366606909595267
0.0,0.0,5.617616128310741,0.0711090854837675,0.784597357141673,0.009931614988456402,143.0,1.0,-1.891124549612529,0.4037904727490135
0.0,0.0,2.3310173402495664,0.038435269928633935,0.5827543350623916,0.009608817482158484,16.0,1.0,0.7378360315046802,-0.1142626977708761
0.0,0.0,2.9908420680801466,0.04981279065965472,0.692015693555423,0.011525594495332043,20.0,0.0,0.3404388084011716,0.2462876717360322
0.0,0.0,4.829219881619041,0.04379901655323085,0.7660830975150162,0.006948055191465292,79.0,1.0,1.922845795296756,-1.211772715302459
0.0,0.0,5.51295857897903,0.05927895210967486,0.7790168478145004,0.008376500884716913,135.0,1.0,-0.151653960662276,1.7994745897773945
0.28639695711595625,0.0,4.080350556355677,0.02201202170283082,0.9441042207950057,0.005093102249634841,20.0,1.0,-0.5884272600850217,0.2906362786875065
0.0,0.0,5.853551568729485,0.07532488720946408,0.8097521627462404,0.0104200825106456,150.0,1.0,-1.1101680516180743,-0.223975182928711
0.0,0.0,3.5551905219798834,0.039616983437547534,0.7476918266441165,0.008331844532498791,27.0,1.0,-0.8914569293034865,1.7697962682242234
0.0,0.0,4.102276326344547,0.03563700883493752,0.66488268907411,0.005775922531733672,72.0,1.0,0.217773006890643,0.7704383252889864
0.029464051844922262,0.0,2.799383690158711,0.03220896849982471,0.565053040851364,0.0065013508714412286,31.0,1.0,0.9414920442569484,-0.8012183875101795
0.0,0.0,4.678526021183209,0.05371472652197478,0.6571940929682869,0.007545325347302681,139.0,1.0,-0.2070104860696485,3.151189767852994
0.0,0.0,5.5042546144937265,0.05011722195523971,0.8543074478365655,0.0077786219897056155,87.0,1.0,-2.1813272289752383,1.2667645009114776
0.34312290713202054,0.0,3.3130768984213197,0.009925299434463648,0.9241594292143521,0.0027685922607187993,12.0,1.0,-0.4973470200896929,0.2062740258220624
0.0,0.0,5.273174594908779,0.08335186225629188,0.7334218730547438,0.011593031453506835,146.0,0.0,-0.3030528564316118,-1.788252426182422
0.0,0.0,6.202645367548935,0.03896611300715195,0.8764740697968454,0.005506164809973373,135.0,1.0,0.4129569981079491,-1.3770276311366798
0.052915080344847695,0.0,2.736517789274846,0.04779356773893638,0.5755168314770293,0.010051461305275964,27.0,0.0,-0.2047011947002847,0.382455325352985
0.9999971146079947,0.0,4.25791598958728,0.02282220723846993,0.9286697522428078,0.004977621351293543,24.0,1.0,-0.6026576782355261,0.5062358029780809
0.011407757737461138,0.0,3.7917413269010387,0.022931557748213174,0.7974408069961278,0.004822734026363256,27.0,0.0,0.1170188275863458,-0.8083966219416608
0.9902716614103877,0.0,3.254109516426344,0.029638560655648318,0.907710893983338,0.008267467414146232,12.0,1.0,0.0671102863652645,-0.1961184801824667
0.9667082895772556,0.0,4.642187455473659,0.017436181865449794,0.9370212976302403,0.003519477383020409,31.0,1.0,0.3896261660418372,-0.561544470694509
0.1183500114082751,0.5407504779634866,4.278326399549328,0.047043920789809145,0.7213818714331088,0.007932221258873159,61.0,1.0,-0.4568930702491989,0.6017328302664365
0.0,0.0,4.9788291707487655,0.023906815765277634,0.8535784420172584,0.00409862275942486,57.0,1.0,-0.8719276037279416,0.0139757850250217
0.0,0.011407757737461145,1.3696820730867514,0.04249373754315988,0.298733538795861,0.009268066540669887,24.0,0.0,0.7230396952744637,-0.0859880646862942
0.0,0.0,5.361883403804528,0.08215568523873143,0.7488798543434619,0.011474463907852521,143.0,1.0,-0.4262166486791947,-1.461166541482883
0.0,0.0,4.398305422309813,0.026721741626767243,0.8156614452498763,0.004955520888641794,42.0,1.0,-0.0739202209363375,-0.7757487484944046
0.28639695711595625,0.011407757737461138,3.628375338302674,0.022434389633710285,0.9070938345756685,0.005608597408427571,16.0,0.0,0.5950153034257137,-0.9599768338063616
0.0,0.0,5.413010122549168,0.05525547254093911,0.7603673168878053,0.007761754448657054,139.0,0.0,-0.3243940605914017,2.061003450626493
0.9521953766259575,0.6734699876903987,4.158559843078811,0.022458438236681512,0.8745863790019577,0.0047232323007564084,27.0,1.0,2.1814558925570355,-2.4504377805755198
0.0,0.0,5.988097521743459,0.04361269820841772,0.8363414983428774,0.006091268426066617,143.0,1.0,-0.0852835074032916,-1.1394496678111694
0.0,0.0,5.438629579936495,0.06581034996683474,0.7523538509946246,0.009103887202671052,150.0,1.0,0.8259081037474112,1.3678556237768205
0.0,0.0,4.940046640746547,0.07193123428763917,0.6980606705090981,0.01016435051912552,135.0,1.0,1.3803292502631928,0.7372121179841247
0.5463652179575746,0.11236071009937675,2.9661827198485904,0.018727449360517165,0.9357264662409935,0.005907852505026518,9.0,1.0,-0.2114545464287965,-0.0311649179544831
0.0,0.0,3.420066977591381,0.035253026928204874,0.5970870239419535,0.006154594360702098,53.0,1.0,0.9902372174656834,-0.5094030353744934
0.020814071335501033,0.0,3.557287702174901,0.03820330305253259,0.823078872224414,0.008839411997095755,20.0,0.0,0.0481987039642915,-0.6572458512146743
0.0,0.0,5.139402386288747,0.06882394172241968,0.7702450192976177,0.01031468142318464,102.0,1.0,-0.6164273903375006,-0.7594522675305462
0.0,0.0,3.292946474555009,0.041386957268532865,0.8232366186387523,0.010346739317133216,16.0,0.0,-0.5124057551155,-0.1727307353342394
0.06722154475830686,0.0,4.731382520599302,0.024969393985506218,0.9015716220315445,0.004757953291378804,38.0,1.0,1.214536313243823,-1.7873368176577002
0.0,0.0,2.3262347946984745,0.06473394165334158,0.5382400501873923,0.014978023750538279,20.0,1.0,0.9546481425261296,-0.1614033314084743
0.0,0.0,3.591129370998478,0.04852520240995019,0.6269516833351925,0.008471696280504776,53.0,0.0,-0.2263509343691513,0.896354510235517
0.0,0.0,5.121028058919876,0.06634421318990125,0.7193525001269203,0.009319393504197077,139.0,1.0,-1.737691995728262,-0.2073222043128154
0.0,0.0,5.668094350878708,0.05274030865390129,0.8250063253152013,0.007676493287695399,117.0,1.0,-0.9611960951080862,-0.1660816080190488
0.0,0.0,5.283503470307842,0.07465033289237992,0.7348584693603248,0.010382775307108258,146.0,1.0,1.3226344831977157,0.829151749897024
0.0,0.0,5.213885189883068,0.05396747818774718,0.7413012396301708,0.007673003340756039,131.0,1.0,0.5679966915636899,1.0701950696652736
0.0,0.0,5.056142926151809,0.05793007089666391,0.7931155533391803,0.009087013738583956,83.0,1.0,0.3214924045015788,0.5860073915280885
0.0,0.0,5.769790758910804,0.061368218283957006,0.8024939567940699,0.008535426390642914,146.0,0.0,-0.0878705991946944,-1.2998321173734873
0.0,0.0,4.478262686489703,0.06388045846132492,0.7818304604635449,0.011152469551219762,53.0,1.0,0.5413171102626515,0.3425771368973503
0.011407757737461138,0.0,3.9055646440292016,0.042460022562779844,0.8518204114897137,0.009260713158744775,24.0,0.0,0.0481987039642915,-0.6572458512146743
0.35081592989560473,0.9506720926870659,3.888995849241341,0.04381173969136377,0.7212104823082297,0.008124844339891765,42.0,1.0,-0.3715562429833722,0.4333499348246269
0.9986030202378096,0.5293608652873644,4.4246134808479765,0.0259217937285031,0.9305400977067876,0.00545161030975154,27.0,1.0,0.1993069345047709,-0.3304104865782157
0.037622360322278454,0.4091874050295284,2.180504349224541,0.05773604984177756,0.47557735725899075,0.01259248027278225,24.0,1.0,-0.1257508123371251,0.2777367085192171
0.0,0.0,4.249659393991331,0.07033354030975109,0.69810026029144,0.011553834847771297,68.0,0.0,0.3875275095385579,0.4501251365574635
0.16866093149667033,0.7337669895308355,3.656056219891938,0.0661819496100753,0.7127811446188259,0.012902768163004135,35.0,0.0,0.0559962203674139,0.0290207959101567
0.0,0.0,5.01917061338211,0.06934736154176696,0.7136170556335031,0.009859688735713487,131.0,1.0,0.4710141556866549,1.1687306698907185
0.5997391093497058,0.999953833266239,4.442382302937261,0.031193200509836094,0.8465022223643975,0.005943908415260806,38.0,1.0,0.8278276352281108,-0.8683732939146601
0.0,0.0,5.489433204703105,0.06184887279484086,0.7756925596578712,0.008739647366340237,135.0,1.0,0.1321840205441314,1.0336988365610664
0.037622360322278454,0.3194539658094463,2.3643196589364637,0.05248493310615385,0.477235763544427,0.01059403580679977,31.0,0.0,-0.2583179274399414,0.4469435847907145
0.0,0.0,5.288798851979027,0.08309668811156702,0.7355949799146255,0.0115575404421984,146.0,0.0,-2.3367093765015583,0.504975716141238
0.0,0.0,5.1980312720956645,0.06230524437932603,0.7565873842591075,0.009068695320021379,117.0,1.0,-1.0967128636048564,-0.9663977911592192
0.020814071335501033,0.0,5.9364821676853285,0.03665182278075802,0.9056986337390016,0.005591780599842973,94.0,1.0,-1.4772167370475813,0.8904447887314091
0.9435101346706889,0.3733433210798535,3.692652644786425,0.023460850911289292,0.9231631611966062,0.005865212727822323,16.0,1.0,1.109249337009192,-1.3500497406799348
0.0,0.0,4.8258581159080824,0.07116128031563912,0.6675859946871954,0.00984410916394939,150.0,1.0,2.383101642381717,-0.2899351896747356
0.02946405184492225,0.0,3.708323376310555,0.04592399240821689,0.8088012444436096,0.010016219849343084,24.0,1.0,0.116598325935674,-0.7380769926231215
0.04541469233379414,0.2735138277070637,4.539295928153889,0.07687497910158712,0.7045375969971823,0.011931655019343063,87.0,0.0,-0.0513360331158278,0.2363115154456182
0.2778395739583094,0.020814071335501033,3.704809260841446,0.021657234576759304,0.9262023152103614,0.005414308644189826,16.0,1.0,-0.0806954109881295,-0.2532526365760155
0.0,0.0,5.754124404684368,0.06604989155932799,0.7959978872135259,0.009137024234148706,150.0,1.0,-0.5315304973100651,-0.9543789874269228
0.0,0.0,5.327631612837422,0.021821545997094228,0.7440959986907545,0.0030477567222476046,143.0,0.0,-0.0029270473408321,-1.778386325787734
0.16334554318340241,0.6343095546405662,2.2109097781488023,0.08548030885412691,0.5527274445372006,0.021370077213531728,16.0,1.0,1.145933809579024,-1.0794280413198096
0.0,0.0,5.440877163978061,0.050935407987917125,0.7567468607086018,0.007084374252916619,146.0,1.0,-1.097317116303068,-0.7087140209699904
0.0,0.25588191564677054,2.8813795769921584,0.07058966641866316,0.6284412525814452,0.015395909215737394,24.0,1.0,-0.5167976949415476,0.741966557520499
0.0,0.0,5.5896237554269685,0.06518073757420462,0.7732416588032496,0.009016789653322104,150.0,0.0,-0.92358201996477,-1.0099014317089752
0.0,0.0,5.211641848644047,0.09000772075485086,0.7248635632154954,0.01251876454254839,146.0,1.0,-0.35473038554701,-1.822401032489552
0.0,0.0,1.7901959209607803,0.055903175815430105,0.41421233339779473,0.012934776930130084,20.0,1.0,0.3861143914766825,0.1878678137777603
0.0,0.0,4.9242223724852225,0.06565060268797934,0.681193232714408,0.009081788532653866,150.0,1.0,1.7066509690475788,0.4544326642583132
0.0,0.0,5.7470786798733045,0.06853152612973389,0.8026790440146685,0.009571614196152569,143.0,1.0,-0.3901429334248998,-1.1608565417512644
0.0,0.0,5.5482712908475875,0.06775594922907512,0.7716838214077173,0.009423866837667261,146.0,1.0,0.4327976097504686,0.8317312159052721
0.0,0.0,5.064695929334927,0.07280054055787817,0.7543209309235122,0.01084269861242483,105.0,1.0,0.481553994541165,0.8519736250748662
0.179116319181652,0.7239235920856688,3.501414145979679,0.06466991123375815,0.6826322771452652,0.01260798264009147,35.0,1.0,-1.2312658667375882,1.4022361223642794
0.0,0.0,5.431274450748974,0.06768211253124695,0.7554112629968012,0.009413597227160996,146.0,0.0,0.8358113312329079,0.5084131872134948
0.0,0.0,5.094115559525967,0.08887487701760362,0.7114814386899421,0.012412915377553874,143.0,1.0,1.393233412395016,0.0356632268662084
0.0,0.0,4.5863565491159415,0.054768878906697425,0.7643927581859902,0.00912814648444956,64.0,1.0,1.0314429097552538,-0.2139384122275335
0.0,0.0,5.608065131761035,0.043365361303953506,0.7832633951051423,0.006056723544904639,143.0,1.0,0.9777165666705084,0.2250844436336995
0.0,0.0,5.663805446018449,0.05099927747529959,0.78350359699365,0.007054994689844849,150.0,1.0,-0.7571032321214232,-0.6273764675875784
0.0,0.0,4.9857683242816915,0.08318427612030953,0.6934478419398793,0.01156972266000152,146.0,1.0,2.084681068935208,-0.3753804742029529
0.08079313589591118,0.011407757737461138,2.636824885176739,0.028824112085169416,0.8318256375078233,0.009092994967405994,9.0,1.0,-0.6825620971345844,0.2610301054099123
0.0,0.0,4.022087314617776,0.05067531564093733,0.689553086866105,0.008687857223070566,57.0,1.0,1.117217453159678,-0.1725589098090129
0.0,0.0,5.768610327251137,0.06103584504421003,0.7980018000500471,0.008443405161683895,150.0,1.0,-1.6370675700495083,0.030354074307113
0.0,0.0,5.273898807297411,0.05748923814382753,0.7583764639229768,0.008266841426084111,124.0,1.0,-0.1353792495916456,1.4060448565770738
0.0,0.0,5.7911274704056135,0.046520312926110745,0.8054615829607554,0.006470298759745718,146.0,1.0,0.3498736315521623,-1.7986492278248891
0.0,0.0,5.089058413345028,0.04983123992244355,0.7039958575854016,0.006893413994178517,150.0,0.0,1.640116462837144,1.852112133494907
0.0,0.0,3.7833323825341587,0.03552844329480866,0.8753806864602082,0.008220507725900642,20.0,0.0,-0.5283519732301889,0.1165301543550971
0.0,0.0,5.306087234518494,0.07278764007484577,0.7340185805869905,0.010069091948667026,150.0,0.0,0.355809014103074,1.6004938545939809
0.0,0.0,5.3209128479176355,0.05497056539395515,0.7518795388896462,0.007767697863550861,135.0,1.0,0.954938459482772,0.4210130730800916
0.0,0.0,5.345836210692547,0.05304728596696012,0.7395172627197037,0.007338306331669945,150.0,1.0,-0.4262166486791947,-1.461166541482883
0.0,0.0,2.5717363123731074,0.033131696712336296,0.6429340780932769,0.008282924178084074,16.0,1.0,-0.0301849130001029,0.07614492936953
0.0,0.0,4.032368322062451,0.029801945909657596,0.9330021771608263,0.006895520993260367,20.0,0.0,1.5194343718019403,-1.9408241580926984
0.0,0.0,5.915681606876197,0.040917941672062336,0.8227852513549652,0.00569109042049228,146.0,1.0,-0.8477883216492383,-0.4184059635050478
0.0,0.0,5.312344983743071,0.052401833005633495,0.7732260513915181,0.007627227249852738,117.0,1.0,0.960202315064792,0.1084178042736154
0.0,0.0,5.025275213015559,0.06048005832676373,0.695172396511004,0.008366520301066641,150.0,1.0,1.261131327191954,1.616001406759443
0.0,0.0,3.3276738698813118,0.017344328912999005,0.9282311514309878,0.004838078197334003,12.0,1.0,0.0505801318941106,-0.2219605047779572
0.0,0.0,5.596210388021681,0.07625501598892426,0.774152821868298,0.010548752051172748,150.0,1.0,0.5598220192125825,1.3138302994626037
0.0,0.0,5.424374886132476,0.0821992888515737,0.7544516339321428,0.011432725260319587,146.0,0.0,-0.5166803135355479,-1.3329278572316523
0.0,0.0,5.405781403802523,0.08728948374418466,0.7518655510343357,0.012140697318737086,146.0,1.0,0.7915856556800336,1.380912544419956
0.0,0.0,3.4992138893716787,0.02558511205034284,0.8096418571866302,0.005919837509700539,20.0,1.0,0.116598325935674,-0.7380769926231215
0.0,0.0,5.42916059402059,0.04982389052354974,0.7551172562778511,0.006929778343758486,146.0,0.0,0.6381944978247684,1.536126563764942
0.0,0.0,3.232219704075747,0.026839418126086173,0.9016048852465122,0.007486666351652794,12.0,1.0,-0.729628221620721,0.4244787736614637
0.0,0.0,5.413408905959514,0.05610849397418179,0.7529264256209862,0.007803875256578173,146.0,1.0,-0.742863492523267,-1.0567703942129236
0.0,0.0,4.520653693086788,0.02201202289348781,0.9507383068537157,0.004629346726599202,27.0,1.0,0.1700173386168858,-0.3987014458185694
0.0,0.0,3.366838460522751,0.058063508756130526,0.6795932679260006,0.011720066206176712,31.0,1.0,0.5678147805108542,0.0479460779008787
0.0,0.0,5.178018712176296,0.09065276966254647,0.7362018054430143,0.012888855062852114,131.0,1.0,-0.8279063383325513,-1.2271690341190655
0.0,0.0,5.288140706658126,0.06730944640858008,0.7315359442630275,0.00931126499231132,150.0,1.0,-1.00304439669989,-1.420289496700148
0.0,0.0,5.31754547822715,0.05366592970078553,0.739593217425528,0.007464150100088838,146.0,1.0,0.7672593065938815,1.3910812926475211
0.0,0.0,4.92229009020866,0.061293715163059315,0.6914357121269904,0.008609948380933855,139.0,1.0,-1.484754126626444,-1.194936325618729
0.0,0.0,5.947900313056097,0.06293808464615859,0.8272664046732483,0.00875377196352099,146.0,1.0,0.1269666787851709,-1.4627792186920652
0.0,0.0,5.25669183226224,0.07825932406290705,0.7428046923326497,0.011058550698356567,135.0,1.0,1.5686744615053323,-0.4405754706810011
0.0,0.0,5.3157249684114305,0.07395503708407386,0.7393400109945768,0.01028606977519826,146.0,0.0,-0.6550376599278124,-1.2495370940573256
0.0,0.0,3.217728874095129,0.023451614303530734,0.8975627704467888,0.006541662374101033,12.0,0.0,-1.3043388222519312,0.8826135433585309
0.0,0.0,5.2635920141414365,0.08496677461402787,0.7320890754754887,0.01181764226904353,146.0,1.0,1.5322166826355892,-0.0108733738284082
0.0,0.0,5.232937607826623,0.06765842334316842,0.7278254935113152,0.009410302405724878,146.0,0.0,-1.898412988368957,-0.3333171154887475
0.0,0.0,4.09578379196775,0.0397046994617474,0.8267302172464597,0.008014357319370495,31.0,1.0,-0.4176482963082,-0.3578901958636513
0.0,0.0,2.762519542187673,0.053243157893294396,0.580985257996268,0.011197564162994153,27.0,1.0,-1.1018206280071934,1.2780582329231511
0.0,0.0,5.1865334955232,0.06808251221300636,0.717480091504054,0.009418207196497821,150.0,1.0,0.966327782690584,1.2987285622832412
0.0,0.0,4.92127192673682,0.067968517260994,0.6873408327126679,0.009492980259555424,143.0,1.0,1.5797548768407976,0.3198820293313222
0.0,0.0,4.2713858317210605,0.020952166129046896,0.9316075826245529,0.004569757359139,24.0,1.0,0.8311638904942448,-1.0632338362245033
0.0,0.0,5.0243743435999475,0.043972920675967635,0.9096257783603446,0.007960971747179897,46.0,1.0,-1.4033264229884668,0.9591872291459764
0.0,0.0,4.897557909946652,0.02460272544237214,0.908247331519822,0.004562551406644365,42.0,1.0,0.8322728706448026,-0.9469819525585572
0.0,0.0,1.773501762380036,0.04395118423457977,0.41034966881517654,0.010169346474452449,20.0,1.0,-0.4533835396976991,0.9203663589960704
0.0,0.0,3.6256736740462876,0.05977361478562926,0.6723776420746966,0.011084958488001393,42.0,0.0,0.2001219707816017,0.3372690970054016
0.0,0.0,4.914042566606485,0.07764629006527123,0.686331127399501,0.010844648795072978,143.0,1.0,1.7722797586954482,0.0319301148140721
0.0,0.0,4.6774139740295135,0.08084828566706367,0.6470509462603015,0.01118416288035546,150.0,0.0,0.0990548367885862,-3.085146544408813
0.0,0.0,3.324153379004207,0.03162549228122965,0.7250121191790251,0.006897655602691505,24.0,0.0,0.0239067848242748,-0.0043497313084348
0.0,0.0,5.164797875457756,0.03928153966670905,0.8101593615345737,0.0061617720313315244,83.0,1.0,-1.2948472174531918,0.4516305542525077
0.0,0.0,5.9369862817996175,0.05365049659231514,0.8389347158167831,0.007581163569483623,135.0,1.0,0.5374282029226418,-1.5647410880473414
0.0,0.0,5.863431994231709,0.05604976234295412,0.8155180903531078,0.007795706541090516,146.0,0.0,-0.4023971008796216,-0.9836242204593236
0.0,0.0,4.294684375291787,0.08424809945974257,0.6436466734632418,0.0126263082974938,102.0,1.0,-1.7764211958218543,-0.1499146832899812
0.0,0.0,3.45442481570296,0.05864140731178026,0.6734712832750722,0.011432671411979824,35.0,1.0,1.2779193737377497,-0.7953817304728306
0.0,0.0,3.9815191320814676,0.0308143741484419,0.7054607697650053,0.005459808526707319,50.0,1.0,0.2821462794581943,0.207156444341656
0.0,0.0,3.209427522657677,0.025504532592463477,0.8952471670239406,0.007114309448796996,12.0,1.0,-0.0525800486455129,-0.3233425212584272
0.0,0.0,5.333325292802373,0.07714601300335769,0.7582830282831774,0.010968487603616928,131.0,1.0,1.4759990191924224,-0.5457244935716598
0.0,0.0,5.402554745344569,0.058860912263016346,0.776876939363251,0.008464085515547061,124.0,0.0,1.1474246741585017,-0.1742256148364048
0.0,0.0,5.666372952440624,0.07026268855689172,0.8006952950423083,0.009928574172000857,135.0,0.0,-0.0460133024349098,-1.357004895733651
0.0,0.0,5.860827107150422,0.053653684378345716,0.8593362636740786,0.007866902712380677,113.0,1.0,-0.7737744727592292,-0.0881946060410182
0.0,0.0,5.440251680938115,0.06793745925764408,0.7525782446433065,0.009398141268498719,150.0,1.0,-0.9142351833870676,-0.8102304126180506
0.0,0.0,3.4298658094877488,0.050931770406368766,0.5716443015812915,0.008488628401061458,64.0,1.0,1.2140606142381123,-0.8520616719917382
0.0,0.0,2.781124223042237,0.024957928603719495,0.8773470103478248,0.007873349871799384,9.0,1.0,-0.5123173099612378,0.4240891977018843
0.0,0.0,5.96693910499146,0.04948421160904738,0.8299144236588922,0.006882533948332628,146.0,0.0,-0.7631187791469454,-0.4129137072774153
0.0,0.0,3.5765695897819385,0.028542959411029856,0.8275402809252776,0.006604218946815629,20.0,1.0,1.0142266888419569,-1.7237049019816493
0.0,0.0,3.7480937131118495,0.04002091082346123,0.6641015623152253,0.007091057865005365,50.0,1.0,-0.102916878675822,0.618300703262087
0.0,0.0,5.2128723882471,0.05290453975932699,0.7812560082848161,0.007928832028519243,102.0,1.0,0.5736963781103295,0.59670104450683
0.02946405184492225,0.0,3.4455609897837176,0.019950346843160282,0.8613902474459294,0.0049875867107900705,16.0,1.0,-0.6529497568386219,0.1576019279887411
0.011407757737461138,0.0,3.9727268882216764,0.03496401884135042,0.8355038655308018,0.007353279930480358,27.0,1.0,-0.1356223770305541,-0.4527118083102405
0.0,0.0,3.5214188351437405,0.04430504573813504,0.6530436840138926,0.008216327464510398,42.0,1.0,0.1366053510976752,1.1315044364307114
0.0,0.0,2.415675905540921,0.02992940138537881,0.5268692830445103,0.006527730898708829,24.0,1.0,0.7882218348808582,-0.3331411191587852
0.24229218908241482,0.0,4.551302167277727,0.016707337334649672,0.9186761852241405,0.0033723607802180603,31.0,0.0,0.122245889364117,-0.4704603026606808
0.0,0.0,5.546231451959892,0.036820333093358845,0.8072688537408821,0.005359298173560642,117.0,1.0,-0.7394693763773761,-0.2625166001834264
0.0,0.0,4.69923623684274,0.07394032795109624,0.6535953969890408,0.010284023948786622,146.0,1.0,2.4942529728239604,0.5091083287370815
0.020814071335501047,0.0,2.620163477199513,0.05296413637865978,0.6062487435408846,0.01225474723684411,20.0,1.0,-0.0251765780008135,0.190110296010004
0.0,0.0,5.786644927016767,0.056155469670338604,0.804838126386518,0.007810408892520463,146.0,1.0,-0.533928736435334,-0.9565954180525608
0.029464051844922262,0.0,2.789216795403656,0.0704792960595804,0.586599955127133,0.014822494964920285,27.0,1.0,1.226143488722466,-1.070633239725477
0.0,0.0,3.28989188327418,0.019388094910578215,0.822472970818545,0.004847023727644554,16.0,1.0,0.0594935979853694,-0.8260329166197908
0.0,0.0,3.6212280103888452,0.036351578804612754,0.837873266487841,0.008410963349347484,20.0,1.0,-0.5439296636219892,-0.1580313669824165
0.0,0.0,5.321914364889295,0.07887612739483382,0.7362080296586088,0.010911343992973105,150.0,1.0,-0.2611962568377614,-1.8776369807806328
0.4753035717834445,0.0,4.263147142782554,0.053897982848892446,0.7553606965582017,0.009549850498767545,50.0,1.0,-0.4232005310364337,0.4682487413733388
0.0,0.0,6.05826201608696,0.06418851734234005,0.8380708211774749,0.008879530679989563,150.0,0.0,-0.3622109439359665,-0.8403586141331012
0.0,0.0,5.616504704207971,0.05142506254897448,0.7844421275222435,0.007182400371472804,143.0,1.0,-0.2777058377701628,1.794260940581086
0.0601724420320086,0.0,2.2311496243707505,0.05607134545888881,0.5162394133789722,0.012973687721741284,20.0,0.0,-0.2047011947002847,0.382455325352985
0.0,0.0,2.4139025742659643,0.05648825063393798,0.5076676521090439,0.011880039350717738,27.0,1.0,-0.8587161443239135,1.591670689177206
0.0,0.0,2.8777674770221218,0.03875688035718326,0.6276534380748995,0.008453041949871398,24.0,0.0,0.8441310101268927,-0.3919458876210433
0.11236071009937681,0.0,2.6632616388722528,0.03445532950772798,0.580868794118459,0.007514855247411194,24.0,1.0,0.1151647290700787,0.0206031947497862
0.0,0.0,5.281957451033928,0.062136819762489956,0.7647373847780734,0.008996352106980993,120.0,1.0,-1.891124549612529,0.4037904727490135
0.0,0.0,3.4436527653025037,0.03160701741838039,0.7967862235783568,0.0073131752135742216,20.0,1.0,-0.4176482963082,-0.3578901958636513
0.0,0.0,6.126330399907135,0.04543069204093747,0.8656902692872487,0.00641965180778062,135.0,1.0,-1.2776034375590943,0.430376127497835
0.8621745299412249,0.0,3.3801426100215366,0.03589949480343602,0.8450356525053841,0.008974873700859006,16.0,1.0,0.2922136293076614,-0.3579120254416722
0.0,0.0,4.053375943832099,0.06996322520880464,0.7181926341737439,0.012396351511500389,50.0,1.0,-0.2830725523069525,1.1771497495405696
0.0,0.0,5.313859253429621,0.04998449408622812,0.7390805171826583,0.006952115962898337,146.0,1.0,-1.0967128636048564,-0.9663977911592192
0.0,0.0,4.944544336147774,0.04253111638653888,0.8122504342272396,0.006986673675991287,68.0,1.0,-0.3920584911545021,1.2982146738736886
0.0,0.0,5.088713660744353,0.04311836232266107,0.7107269699952512,0.006022225860564457,143.0,1.0,0.777199186946886,2.066639139223278
0.0,0.0,4.984654165633298,0.07180814823713824,0.7216929378905463,0.01039659557989737,120.0,1.0,-2.3801393603801357,0.4648160498492663
0.0,0.0,4.570084404384042,0.02942969837662898,0.7407033964457782,0.004769863226821935,72.0,1.0,0.6621502478154779,0.0506917273438806
0.0,0.0,5.907619233379481,0.04607395386602765,0.825101311951457,0.006435025393453338,143.0,1.0,-0.531791461353484,-0.6404827375664762
0.0,0.0,6.176494203079452,0.04164136388409639,0.8881679388104363,0.005987947711786685,124.0,0.0,-0.1974762622096299,-0.6690831149808034
0.0,0.0,2.29980006123096,0.09060807196977576,0.5015962640630607,0.019762009385142026,24.0,1.0,-0.8728024627779383,1.1857663940557135
0.0,0.0,3.9343526698736433,0.035490110126207626,0.8274333868221946,0.007463922145384012,27.0,1.0,-0.5439296636219892,-0.1580313669824165
0.0,0.0,5.312006507913651,0.06440186031522668,0.7588580725590931,0.0092002657593181,128.0,1.0,-1.1123064776946288,-0.5496849070460423
0.34312290713202054,0.0,3.308070446477385,0.02030820277805617,0.9227629147618502,0.00566482990379145,12.0,0.0,0.1618217583532868,-0.4761979135957971
0.0,0.0,3.630637118654666,0.06791190703186713,0.6121729747934852,0.011450837082556418,61.0,0.0,0.8858174771146896,0.2471404973022197
0.0,0.0,3.2747729590577785,0.03803394841865135,0.5928734003728765,0.006885764787510744,46.0,0.0,1.1338537197044087,-0.6478067797859058
0.0,0.0,3.129058814800219,0.025380140768981835,0.658072102310833,0.00533769532032755,27.0,1.0,0.1691572789952826,0.4213014678290315
0.0,0.0,4.974340563615781,0.06122002011190193,0.715300566966458,0.008803320668480824,124.0,1.0,-1.7569886913213442,-0.7573887295105511
0.0,0.0,5.972315889764933,0.053331194089160136,0.8306622562004851,0.007417593246178982,146.0,1.0,-1.6939273894333464,0.5864097967709225
0.0,0.0,4.00737609484857,0.06753793121192583,0.6756961009666493,0.011387779860721184,61.0,1.0,-1.0347988952410403,1.357675888681556
0.0,0.0,6.181763301547212,0.07812105665601231,0.8597933441800374,0.010865502491229287,146.0,1.0,-0.4238838718261922,-0.7412966492939158
0.0,0.0,5.888834338834333,0.056355704198979804,0.8190511869390671,0.007838258602482282,146.0,1.0,0.0333617277645292,-1.2080512982386196
0.0,0.0,5.588584178479345,0.043283587184750956,0.813433406606428,0.006300042130423549,117.0,1.0,-0.8834960564269061,-0.3416322034174561
0.9998586112670831,0.0,3.566614747968336,0.0222017720034988,0.891653686992084,0.0055504430008747,16.0,1.0,0.0431235615533801,-0.1640977193945728
0.21407106810421872,0.0,3.9269388340598885,0.029662278864619133,0.908608090612445,0.006863205081942068,20.0,0.0,0.023230743392733,-0.3862810273601729
0.23304589256445052,0.0,4.366449634611271,0.022811532867858284,0.9183076639824901,0.004797491603635005,27.0,0.0,-0.0271548623817444,-0.3149285823705012
0.0,0.0,5.011832078478144,0.07455312342937898,0.6933127379536399,0.010313320422242443,150.0,1.0,0.3707943894878938,2.434631510536069
0.0,0.0,5.397421226397841,0.044955876983864045,0.7710601751996914,0.006422268140552006,128.0,1.0,0.7348477072035453,0.5592636025036658
0.0,0.0,2.6495246096276945,0.05260903418725847,0.5778726890810902,0.011474256153454638,24.0,0.0,-0.3920370251168634,0.6309147051208549
0.0,0.0,5.348562088020242,0.03766144321167281,0.8914270146700403,0.006276907201945455,64.0,1.0,-0.852988546575078,0.1737811792946371
0.15796854699966337,0.0,3.8521530469513143,0.03471041451278799,0.891304288821517,0.008031233688003443,20.0,0.0,-0.4104542569296401,0.0399878244982033
0.2821337464520462,0.0,4.568716701445189,0.05477620724828087,0.7703454800651497,0.009235986038590948,61.0,1.0,-1.046804940854288,1.1665483164853216
0.0,0.0,2.4431657164675165,0.044434160163119664,0.4931507682376698,0.00896899464196844,31.0,0.0,0.450054495615598,0.0037433429963237
0.5088990708641272,0.0,3.335112370267276,0.023017098749524654,0.9303060686398756,0.006420457325535339,12.0,1.0,0.8366641702505938,-1.1604628847358935
0.0,0.0,6.029415608125679,0.06332481687810991,0.8421122844979274,0.008844407098885537,143.0,1.0,-0.9054180634570702,-0.209221138038138
0.0,0.0,5.124597238984284,0.06200827394053499,0.7127569243195218,0.008624448821070298,146.0,0.0,0.7979654816665849,1.9291952393960596
0.011407757737461138,0.0,3.2877101815271246,0.030758963298666023,0.8219275453817811,0.007689740824666506,16.0,1.0,-1.5752496073249498,0.9072748676241712
0.0,0.0,4.94763562904866,0.09044240599207895,0.6881441387798439,0.012579222935332302,146.0,1.0,-0.8461445694684472,-1.9072874586767632
0.0,0.0,5.432679000830074,0.06912091325125165,0.751530676509111,0.009561854600410544,150.0,1.0,0.954938459482772,0.4210130730800916
0.08735191991631619,0.0,5.131003675621252,0.03865554155545932,0.8957882212790842,0.006748617035116831,53.0,1.0,1.214536313243823,-1.7873368176577002
0.0,0.0,4.407303080634115,0.04914134944040337,0.7555950943582525,0.008424871602424751,57.0,1.0,0.3319751121575709,0.4743465455642425
0.0,0.0,4.514725462279571,0.0543184569633609,0.716193288223915,0.008616806188741324,79.0,1.0,0.7343820592183973,0.5023843456965756
0.0,0.0,5.721441545511626,0.0621756520893356,0.8173487922159465,0.008882236012762237,128.0,1.0,-1.6939273894333464,0.5864097967709225
0.0,0.0,5.059432187145564,0.03276637495872398,0.7325195204861663,0.004744012447447382,120.0,1.0,-1.562130565169334,-0.5343363075691873
0.0,0.0,4.440042056574735,0.02838967510763422,0.8656262565170858,0.005534823290866744,35.0,1.0,0.0552884725720972,-0.5863137410288322
0.0,0.0,4.905184252155744,0.03560208226561369,0.8880472946948356,0.006445493424143315,46.0,1.0,-1.4258619899816063,0.7572636932161797
0.0,0.0,6.218160172776409,0.03199017517422421,0.8648556194735624,0.004449367980017512,146.0,1.0,0.6141705623137118,-1.5411819756760226
0.0,0.0,3.9719743342184186,0.0249463563342465,0.9190283241678816,0.0057720433534646,20.0,1.0,0.1993069345047709,-0.3304104865782157
0.0,0.0,4.780793699356517,0.06953183195498272,0.6677206159835342,0.00971132422419605,143.0,1.0,1.2978683290571502,1.3187111663736062
0.0,0.0,5.241025766322052,0.04800755830938303,0.8609540465376485,0.00788630001715502,68.0,1.0,-1.174904034861345,0.4344973302653795
0.0,0.0,5.349467290662056,0.053163832499729675,0.7967339407811134,0.007918065009664634,105.0,0.0,-0.4830076968922936,1.7021318011647255
0.0,0.0,4.919029386428958,0.05302865794968744,0.6804748600066942,0.007335729421379321,150.0,1.0,1.8194743476268376,-0.0218867119021337
0.0,0.0,1.9008113083963258,0.032137167684109486,0.41457510461587255,0.007009254204163017,24.0,1.0,0.0289903371156155,0.2194542977209878
0.0,0.0,1.6338422913725172,0.05164591531690429,0.4084605728431293,0.012911478829226072,16.0,0.0,0.3875275095385579,0.4501251365574635
0.0,0.0,3.495056423172339,0.02125876460937884,0.8737641057930847,0.00531469115234471,16.0,1.0,-0.3460737268515177,0.2766586985468577
0.0,0.0,3.379464458345267,0.05109206407161342,0.682141814053663,0.010312886464449292,31.0,1.0,-0.0301849130001029,0.07614492936953
0.0,0.0,4.134170836260229,0.01668304150798356,0.956557060991079,0.0038600923341873226,20.0,1.0,0.4250538034718673,-0.6649892874266213
0.0,0.0,4.882579938644959,0.06561257828738158,0.6790958386619568,0.0091257551210126,146.0,1.0,1.976883738038712,0.4503370177490428
0.0,0.0,4.004748664658065,0.027392248678706214,0.7807618825921832,0.005340366009871942,35.0,1.0,-0.8719276037279416,0.0139757850250217
0.0,0.0,4.9518136259076275,0.0812506216918912,0.6850100739721201,0.011239820110402792,150.0,1.0,2.2201318090587185,0.7562769375699723
0.0,0.0,2.4449670826476644,0.03475433921041539,0.7713012394726081,0.010963773336783113,9.0,1.0,-0.9809248083432168,0.3576850081543485
0.0,0.0,2.7671913093662015,0.06928089323048311,0.6402677806323659,0.016030089281781224,20.0,0.0,0.47976933052567,0.0063244921719452
0.0,0.0,3.8927357397914752,0.031789619995735256,0.6563662354656081,0.005360146333642647,61.0,0.0,0.2948718540114448,0.7236109953952028
0.0,0.0,4.332393877831548,0.03859026111687642,0.756364183510982,0.006737220152233971,53.0,0.0,0.2725945015877813,0.518966014358078
0.0,0.0,4.1802125554880645,0.049838785923567754,0.7297958462670097,0.008701026195966684,53.0,1.0,-0.0345937838684077,0.8997511896571665
0.0,0.0,4.39703172753825,0.020777146137468037,0.9590114917726487,0.004531584747792388,24.0,1.0,-0.5822340377277301,0.4069280310396189
0.0,0.0,2.0938326838640173,0.06385744561712538,0.4566738950503268,0.013927582964327721,24.0,1.0,0.2627532238762631,-0.0773412485508604
0.0,0.0,2.0597003862533434,0.037752892375282315,0.5149250965633358,0.009438223093820579,16.0,1.0,0.5503980932614574,0.1228216914516456
0.0,0.0,5.48442528194049,0.03562303223272289,0.870021579276286,0.005651058254686942,79.0,1.0,0.0594935979853694,-0.8260329166197908
0.0,0.0,5.428943911908592,0.04071125355205899,0.8426185819271161,0.006318735152386467,87.0,1.0,-1.037546599408912,0.2411036939507361
0.0,0.0,5.032445257395304,0.07389288350120811,0.706909244786041,0.010379757712046741,139.0,1.0,-2.969546071726414,0.6231796879964477
0.0,0.0,4.604251919106292,0.04466882230927693,0.6467607853572012,0.0062746441996025535,139.0,1.0,2.1487242093396066,0.980329179531161
0.0,0.0,5.246347616792038,0.05322683452798594,0.7257544892763318,0.007363144215799214,150.0,1.0,-1.8014519301786809,-0.3316179040414913
0.0,0.0,5.727351362794892,0.04868728706799425,0.7922942334028866,0.006735165059818975,150.0,1.0,1.0926496136494144,-0.1315958846440956
0.0,0.0,5.08231782486686,0.04477911944299105,0.7260454035524084,0.0063970170632844285,128.0,1.0,-0.9057916767370784,-0.8360535891982344
0.0,0.0,4.473501372468959,0.07294512646037425,0.6390716246384226,0.010420732351482043,128.0,1.0,-1.5559484474275564,-2.150648725328252
0.0,0.0,3.0418165178415917,0.03892215377079552,0.5796224338178049,0.00741667137571714,38.0,0.0,-0.0391089338475847,0.378769309164788
0.0,0.0,5.002400618871956,0.10280281336036141,0.6920080352062064,0.014221246618831618,150.0,1.0,1.8049939881503891,0.1326082539047031
0.0,0.0,3.0327329505236618,0.027479284715055757,0.8459594625923126,0.007665152622803709,12.0,0.0,-0.574994427526092,0.1353405134224016
0.0,0.0,3.6027398833808904,0.060828260421503216,0.668124592992586,0.011280541491223492,42.0,0.0,1.802678646342974,-1.277566241762158
0.0,0.0,5.710336416773445,0.04709377567912685,0.7899404676287058,0.006514726360621501,150.0,1.0,1.7028644228013128,-0.5978924392924417
0.0,0.0,5.106974062254733,0.05852051735985244,0.77914483697137,0.008928175158518773,94.0,1.0,-0.4547260841981296,-0.7280734612018189
0.0,0.0,6.169915553310647,0.05385675197869777,0.8581454947590201,0.007490690702901843,146.0,1.0,-0.9564503686707864,0.0024147454796854
0.0,0.0,6.086991734292655,0.06039407413701762,0.8501537874047218,0.008435078131472715,143.0,1.0,0.6906025295270561,-1.8150071821827247
0.0,0.0,4.90951189690615,0.06503554711990137,0.6937459129148603,0.009189945142417456,135.0,1.0,-2.8608692447948703,0.1832631234007138
0.0,0.0,3.201508087529027,0.024279687522679404,0.8930380964612622,0.0067726475570651905,12.0,1.0,0.3376419001370044,-0.4944351696217952
0.0,0.0,5.5345913954208985,0.049233561768286034,0.7730015156824324,0.006876319343252194,143.0,1.0,-0.5516236189591347,1.9256976151584468
0.0,0.0,3.3747681036366735,0.01466798227781435,0.9413677557178911,0.0040915301833321024,12.0,1.0,-1.063860523811741,0.8692190635562889
0.0,0.0,3.8890505239407034,0.04802591912853068,0.7582054862429968,0.009363086218848416,35.0,1.0,1.4798143465513292,-1.5209242378131118
0.0,0.0,2.5729433843252623,0.030991384407450053,0.5193462719535108,0.006255582634558526,31.0,0.0,0.3339355308156949,0.193790080908397
0.0,0.0,2.559282297060637,0.06904345741971121,0.4989551733850245,0.01346064492671218,35.0,1.0,0.3182302956393303,-0.1699057545753741
0.0,0.0,5.277887237300588,0.05990359033785009,0.7301175286412581,0.008286774492851595,150.0,1.0,-0.2987134019116099,-1.921535707855621
0.0,0.0,5.366654493520149,0.05454062144129787,0.7464235670245798,0.007585806996352345,146.0,1.0,1.0724446736005424,0.675739367473014
0.0,0.0,4.004629373139876,0.06700224621056002,0.7095555305599881,0.011871713941250243,50.0,1.0,-1.154110173719707,1.4608403468021562
0.0,0.0,2.927309812365961,0.018019793830036362,0.9234634292716825,0.005684612040296641,9.0,1.0,-0.0252758228336709,-0.1699144697349065
0.0,0.0,4.8656816789561,0.07359954131155397,0.6730949948092176,0.010181406459719253,150.0,1.0,1.976883738038712,0.4503370177490428
0.0,0.0,2.8273255178571786,0.02334889568335659,0.8919218961239617,0.007365756499832914,9.0,0.0,0.1618217583532868,-0.4761979135957971
0.0,0.0,3.8297241238040947,0.03843645593559061,0.6933432003246576,0.006958635793600921,46.0,1.0,1.226143488722466,-1.070633239725477
0.0,0.0,5.53421607630302,0.02645846216671055,0.7655768270380269,0.0036601363652261523,150.0,1.0,-0.3672960634192421,-1.412377987225486
0.0,0.0,5.501656965939331,0.06616790538776918,0.7610727563512772,0.00915334969941404,150.0,1.0,-0.6763546587049892,2.2820103921204757
0.0,0.0,6.173747085346464,0.030860847766210644,0.8622706742834243,0.004310251723056334,143.0,1.0,-1.3100658919281007,0.4683484987326917
0.0,0.0,4.050549206836902,0.025416605691612176,0.937208837793602,0.005880848809511393,20.0,1.0,-0.9698951479056768,0.8480708383817875
0.0,0.0,5.3512215094754705,0.07227638886796697,0.7442770634599529,0.01005259422897875,146.0,1.0,-0.0470374455805665,-2.0589085594143284
0.0,0.0,4.476923462506315,0.013838692444619398,0.9415414056524618,0.0029104142712782976,27.0,1.0,0.3896261660418372,-0.561544470694509
0.0,0.0,2.5422264353496757,0.0640005876426755,0.5544704967488427,0.013958802854463714,24.0,1.0,-0.7014754999553235,1.1255007990117227
0.0,0.0,3.5305056701408724,0.03696985348601836,0.8826264175352181,0.00924246337150459,16.0,1.0,0.8322728706448026,-0.9469819525585572
0.0,0.0,4.624380396680001,0.0779129383103468,0.6534549803172983,0.011009604142125174,135.0,1.0,2.2824208232047507,2.194041690755984
0.0,0.0,5.042835245165347,0.07451460388917001,0.7083687297942614,0.010467090979959853,139.0,1.0,-1.5758141608218572,-1.0352198538743216
0.0,0.0,5.6317870051651,0.05541753963442742,0.7790743199258151,0.007666195820803736,150.0,1.0,-1.5726802044343464,0.0178406726762203
0.0,0.0,5.438974884181407,0.06499083560946749,0.7640145955163256,0.009129284109188993,139.0,1.0,-0.358978004541353,-1.62472877286708
0.0,0.0,3.0102092949046844,0.038576031289700156,0.7525523237261711,0.009644007822425039,16.0,1.0,0.4281503618781617,-1.123358958513098
0.0,0.0,4.676195422331723,0.05797598142899677,0.7008239407216885,0.008688891738407468,102.0,1.0,-0.2259413088617425,1.4363581048974885
0.0,0.0,3.9188919993538747,0.07063227163035696,0.7910247704834787,0.01425705951180631,31.0,1.0,0.3270735699449159,-0.3211154491423783
0.0,0.0,2.3408429416668994,0.05622396543170044,0.44605092880387087,0.010713556025244604,38.0,1.0,1.0314429097552538,-0.2139384122275335
0.0,0.0,5.9425331584706225,0.02893264404050546,0.8713163087389468,0.004242211853962786,113.0,1.0,-1.1346993911106151,0.3047702336164301
0.0,0.0,5.112529539955859,0.03819056539184154,0.7072427403218148,0.005283099082572464,150.0,1.0,1.3375309606552932,1.9612776702048744
0.0,0.0,3.8246473428978986,0.028408275780267184,0.9561618357244747,0.007102068945066796,16.0,1.0,0.0064217130539145,-0.2590586201094259
0.0,0.0,5.541648637747527,0.045541580708857124,0.778437211537059,0.0063972408597890084,139.0,1.0,-0.4393467668128535,1.8363017510818231
0.0,0.0,3.833175092967415,0.02414783901728007,0.8869132037392943,0.005587283843487779,20.0,1.0,0.2276366216568595,-0.6995283344806518
0.0,0.0,6.211981072533072,0.0344587232798618,0.8725990296976207,0.004840428222097768,139.0,1.0,-0.0133272849124342,-0.8959441290882695
0.0,0.0,5.497000045917483,0.05279879877817664,0.812182378927551,0.007801028495174285,109.0,0.0,-1.3771826574035964,-0.0619255226978276
0.0,0.0,4.1053314488341375,0.013218982029094701,0.9498842550598077,0.0030585844416829073,20.0,1.0,0.0064217130539145,-0.2590586201094259
0.0,0.0,4.587359663829799,0.04471380624286133,0.7435033104547358,0.007247058308230469,72.0,1.0,0.9469798442826448,-0.1659821543468884
0.0,0.0,5.862901861358763,0.060896603735136064,0.81104563724458,0.008424143188872649,150.0,1.0,0.3558029108912671,1.0604230280134332
0.0,0.0,4.482737006764679,0.031655441300607205,0.8313192001324434,0.0058704706749801465,42.0,1.0,-0.2093502284504714,-0.557224667465714
0.0,0.0,5.393839495882726,0.04964674584160895,0.7502046053711974,0.00690514009556619,146.0,0.0,0.355809014103074,1.6004938545939809
0.0,0.0,4.969535505298186,0.07355050905361875,0.6911900929711013,0.01022980581115543,146.0,1.0,1.7318391278767509,0.2680408086326993
0.0,0.0,6.096814357059049,0.02326090586028454,0.8827147719605513,0.0033677825844055185,120.0,1.0,-1.5752496073249498,0.9072748676241712
0.0,0.0,4.052954686429044,0.02687657976883538,0.9377654133634243,0.006218655002758858,20.0,1.0,-0.0256635006097099,-0.158619654318908
0.0,0.0,5.081447424371878,0.050968678580872534,0.7067554128418723,0.007089001708382722,146.0,1.0,-0.0570309913861137,1.7302538715015587
0.0,0.0,5.856833264272527,0.03075729135720415,0.8227112999590916,0.004320486859352135,139.0,1.0,-1.3533192059292531,0.2496768668958882
0.0,0.0,5.256357892084621,0.06312016459142189,0.7341413895364408,0.008815823863648216,143.0,1.0,1.132237232460998,1.0250513398170764
0.0,0.0,2.928899529835099,0.01697496914520508,0.9239649292972084,0.0053550065498336645,9.0,1.0,-0.762258672672437,0.4732536907975196
0.0,0.0,6.069469596086026,0.04402231660438014,0.8670670851551463,0.0062889023720542935,128.0,1.0,-0.6869986690329838,-0.2831982974169896
0.0,0.0,4.096574253210392,0.039703569016147,0.8268897711262653,0.008014129139958637,31.0,1.0,-0.7548056508427985,0.0046934169716617
0.0,0.0,4.857163091259505,0.09923813824381794,0.6783869238417072,0.013860324239914436,143.0,1.0,2.2491367908975146,0.4623448443805446
0.0,0.0,5.524126983534237,0.04331903760525876,0.8573918096741815,0.006723485567298505,87.0,1.0,-1.167268115180457,0.4825299318463703
0.0,0.0,2.9734403784333256,0.054788206192848084,0.6253440017414531,0.011522503143958614,27.0,1.0,1.3915698153261593,-0.695872746634345
0.0,0.0,2.671609792141819,0.056872566193294644,0.5618660359317103,0.011960864724437258,27.0,1.0,0.8319243721217467,-0.3754007957188365
0.0,0.0,5.321327880980199,0.0956710878195125,0.7361268982961816,0.013234678018041367,150.0,1.0,-2.2060940274033958,0.3045617639835104
0.0,0.0,5.313659602740001,0.06815809048893125,0.7693273158428902,0.009868129449200624,120.0,1.0,0.6769801425412045,0.4038947645587292
0.0,0.0,4.013961101535588,0.01916722117348296,0.928743147366083,0.004434877386358398,20.0,1.0,-0.5884272600850217,0.2906362786875065
0.0,0.0,5.864935863018484,0.05751945052905257,0.8287535237547548,0.008127871885346711,135.0,1.0,-0.5150280197491415,-0.8174568893384113
0.0,0.0,3.8489319426774875,0.04232861031769203,0.8094685607022729,0.008902126558921244,27.0,1.0,-0.6382414081949145,0.0604764270908447
0.0,0.0,4.636217929176972,0.03081942085820694,0.9358163541999265,0.006220871949218379,31.0,1.0,0.2474856142636608,-0.3804930598847968
0.0,0.0,2.4859189338507526,0.06192401434411252,0.6214797334626881,0.01548100358602813,16.0,1.0,0.289192899851723,-0.2234630786390131
0.0,0.0,3.9813903617207913,0.0204467193948634,0.8373258799307581,0.004300147876381966,27.0,0.0,-0.3285522302857703,-0.286052359985786
0.0,0.0,5.0086528376841075,0.051668975930121215,0.6995450898615965,0.007216467098327751,143.0,0.0,1.412617243178881,1.728520347967054
0.0,0.0,4.108550049758359,0.019111108619599925,0.8640688234766805,0.004019255683947177,27.0,1.0,0.5396899069303611,-1.1128879616073122
0.0,0.0,2.447398131749433,0.05992892435778107,0.49400507739636074,0.012096598641465865,31.0,1.0,1.5672046193389224,-1.055482083398699
0.0,0.0,2.942356060886067,0.02722510051490014,0.9282099922071654,0.008588562979412044,9.0,0.0,-0.1949621724810025,-0.0845461511093705
0.0,0.0,6.204809610310817,0.03904601274751362,0.8767798913534767,0.005517455162147437,135.0,0.0,-0.0924996160101909,-0.8940593912329124
0.0,0.0,5.522601864590121,0.046127223494591446,0.8225200955281394,0.006870053138989956,105.0,1.0,0.0333617277645292,-1.2080512982386196
0.0,0.0,5.137279008210793,0.08559178560641673,0.7259308848391764,0.012094675130730544,135.0,1.0,-1.5587623999507538,-0.660132032031773
0.0,0.0,2.4298986006005854,0.07612420063017272,0.511031775093519,0.016009674381473032,27.0,0.0,0.0922679361262773,0.1441903967373282
0.0,0.0,3.7984999403296626,0.04082865374475965,0.7238095287328317,0.007779957638547635,38.0,1.0,0.1691572789952826,0.4213014678290315
0.0,0.0,6.112651824670264,0.028122337341730537,0.869086335818859,0.00399838561331847,131.0,1.0,-0.2160914167477642,-0.7203909626307841
0.0,0.0,2.2587405766752506,0.03700367300532295,0.45592472222782493,0.007469157596307133,31.0,0.0,-0.2458307895973238,0.5430660202637619
0.0,0.0,4.465979013973755,0.03230687404265295,0.9014537846654294,0.0065211130158324615,31.0,1.0,-0.5458900421196368,0.0891050033112466
0.0,0.0,5.3291522297112035,0.04585574777874133,0.7530438170428034,0.006479714943801998,135.0,1.0,1.148548080697088,0.1985787666531442
0.0,0.0,5.183437881755038,0.051751380614427536,0.7281192285205981,0.0072695335002441455,139.0,1.0,1.5159204677863511,-0.0051887240471574
0.0,0.0,5.113309700483443,0.06215958606589866,0.7141622328068531,0.008681662440859966,143.0,1.0,-2.969546071726414,0.6231796879964477
0.0,0.0,1.7136459861759712,0.0652090190375894,0.4284114965439928,0.01630225475939735,16.0,0.0,0.8017884123595473,-0.1679487942893364
0.0,0.0,2.9824098650883353,0.05257403870946481,0.6019967070815241,0.010612021691437426,31.0,1.0,-0.2517358551866362,0.7023181419653804
0.0,0.0,5.015074196740617,0.05908643830647632,0.7516118861899199,0.008855316512094279,102.0,1.0,1.7316787409944687,-0.7321845030860744
0.0,0.0,2.6571639902068536,0.02319106032542414,0.8382419107700805,0.007315964988090324,9.0,1.0,-0.9513042658633538,0.4433018844858142
0.0,0.0,5.6204205752970395,0.06595317916736342,0.7817187372611705,0.009173127748424117,146.0,1.0,1.1686937771853283,-0.1563784418087316
0.0,0.0,5.9323776124502565,0.04700314023233516,0.83332303945883,0.006602546608010217,139.0,1.0,-0.8375925442385042,-0.3658610819572366
0.0,0.0,3.228747448770909,0.028059307629182316,0.8071868621927273,0.007014826907295579,16.0,1.0,0.226040981371386,-0.9478367133481618
0.0,0.0,3.913086796838268,0.0721668782349201,0.6207523632495999,0.011448189763863387,79.0,0.0,0.8858174771146896,0.2471404973022197
0.0,0.052915080344847695,2.396131027771163,0.0626218216550021,0.5039301196255277,0.01316999016832875,27.0,0.0,-0.6856495636721227,1.0321495238997431
0.0,0.0,5.076457491626024,0.051771587997917076,0.7299847840136124,0.007444654376608623,124.0,1.0,-1.737691995728262,-0.2073222043128154
0.0,0.0,5.0788460211452096,0.03114472815783975,0.8866823590573961,0.0054373534697096,53.0,0.0,-0.7973094286278261,0.1844000233083959
0.0,0.0,4.9713771925984815,0.05967089423678355,0.6914462448820712,0.008299353308014339,146.0,1.0,2.307889962914291,1.6890128141843093
0.0,0.0,4.596124808767926,0.02322099656136671,0.9277235944671341,0.004687136945437954,31.0,1.0,0.0669909904456398,-0.4286790248720067
0.0,0.06722154475830686,3.4069295898122247,0.017794230876531,0.9503389754082177,0.004963575176295861,12.0,1.0,-0.2705104394076892,0.0141347238488357
0.0,0.0,4.423778296720505,0.0834094872601832,0.6152832048254613,0.01160104625323099,146.0,0.0,-1.1312449604059278,-3.2381470177741805
0.0,0.0,4.999764690849453,0.05062029015586242,0.8571676610921678,0.008678423565836951,57.0,1.0,-0.8007876929859593,0.1095947146492234
0.0,0.0,5.54373367400393,0.0747501261878247,0.7787300972675493,0.010500174874916796,139.0,1.0,-0.7191051121635298,-0.9494354822798448
0.0,0.0,1.855833544911856,0.05094590916207132,0.42939944954364695,0.01178777342971947,20.0,1.0,1.005645354052602,-0.26433607733301
0.0,0.3584153246392746,2.528671877945708,0.06180475075133145,0.5515141896030732,0.0134798814039614,24.0,1.0,-0.0251765780008135,0.190110296010004
0.0,0.0,5.369065585581367,0.054635078214912924,0.7814818870208289,0.007952282075969009,117.0,1.0,1.0926496136494144,-0.1315958846440956
0.0,0.0,4.477773844588057,0.07949401056417055,0.6227932000173277,0.011056460406393236,146.0,1.0,2.478367819493833,1.0012715635462943
0.0,0.0,5.776991393158765,0.05829060746293412,0.8034954602645639,0.008107375497909816,146.0,1.0,0.2919503246139056,0.9345484774837798
0.0,0.0,4.934297567125182,0.09712700227679646,0.6862890084057647,0.013508953032356918,146.0,1.0,0.962797060856071,2.3747115423898224
0.0,0.0,5.2924682171524235,0.04361634286986001,0.776001369805439,0.006395190377000666,113.0,0.0,1.4267723867803783,-0.5329119342557391
0.0,0.0740883836872965,3.6110099201899004,0.058231575728927405,0.6696582632424262,0.010798988850867683,42.0,1.0,0.0289903371156155,0.2194542977209878
0.0,0.0,2.837025147291677,0.02643302072947075,0.8949817885283828,0.008338689627497103,9.0,1.0,-0.6825620971345844,0.2610301054099123
0.0,0.0,4.603264430130321,0.07041170893553914,0.6504711571188417,0.009949631719227265,135.0,1.0,2.2201318090587185,0.7562769375699723
0.0,0.0,5.3449008652646715,0.040761551320314574,0.7779646472085352,0.005932953050385682,117.0,0.0,1.2188688949987685,-0.3282545740819913
0.0,0.0601724420320086,3.7693887083299353,0.04637715405307039,0.6580728098846097,0.00809668263045162,53.0,1.0,0.3449260861016026,-0.0748801993952577
0.0,0.0,5.8569710586395995,0.06054298133183659,0.8276280451733706,0.008555116422288431,135.0,1.0,0.1269666787851709,-1.4627792186920652
0.0,0.0,4.948824677456812,0.07799956466226846,0.6845965972231811,0.010790084521668636,150.0,1.0,1.5542435061803412,1.4885766158201323
0.0,0.7118146702143195,2.8136608753590595,0.02225630569922921,0.6510198257781029,0.005149624244225027,20.0,0.0,0.2400816543462797,-0.1539573024897275
0.0,0.9679505356936393,3.1139405894956447,0.0390523900076484,0.7784851473739112,0.0097630975019121,16.0,1.0,0.6606532536498899,-0.7185359348144734
0.0,0.0,5.2185959856698005,0.0395448052674565,0.788938004637125,0.0059783129115841315,98.0,1.0,0.8786910377492445,0.0058012987617752
0.0,0.6930283686032681,2.761082660637758,0.03398937078979782,0.8710246013333023,0.010722452668228018,9.0,1.0,0.599567469602931,-0.725093819111463
0.0,0.0,5.6807498201135775,0.0698172420977842,0.8027268398064455,0.009865629694643952,135.0,1.0,-0.5153077181851378,-0.8801490958854601
0.0,0.0,4.624901795968433,0.06645721917488456,0.6432565576661122,0.00924323238079635,146.0,1.0,2.1023565262738746,0.7855120054498819
0.0,0.0,4.044627119106642,0.05926896597742924,0.627760762097735,0.009199051026230034,87.0,1.0,0.960202315064792,0.1084178042736154
0.0,0.0,5.5268149018554595,0.04526203339977374,0.7719153937118471,0.006321626642545148,143.0,1.0,-1.571343413674405,-0.7427452271731214
0.0,0.011407757737461138,2.9702794121267586,0.03207447586037649,0.8285384886255442,0.008946948776709488,12.0,1.0,-0.36789849086338,-0.0500235879582717
0.0,0.0,5.794565984606813,0.05704755711158287,0.8015923808166946,0.007891684596625217,150.0,1.0,0.0869984108580522,1.492014523990889
0.0,0.11835001140827503,3.381302664546875,0.028545048560223916,0.9431905253867197,0.0079624399291434,12.0,0.0,-0.5207813065451645,0.3136697642649877
0.0,0.0,4.868818398801676,0.04327475913582039,0.8114697331336126,0.007212459855970075,64.0,1.0,0.6554634820861849,0.0647330793004341
0.0,0.0,6.1236813877459095,0.04130662937750084,0.8805735579537066,0.005939813536152948,124.0,1.0,0.9561504491814716,-1.8164617413489168
0.0,0.0,5.847225648313653,0.059173693476783286,0.8166663021272438,0.008264630842292295,143.0,1.0,1.117217453159678,-0.1725589098090129
0.0,0.0,4.127351085133969,0.043825178944727004,0.731299832304677,0.007765112623551149,50.0,1.0,0.0920565996490833,0.7883376374286704
0.0,0.0,5.200183056782801,0.06504353757101738,0.7393530938841703,0.00924777843687197,131.0,1.0,0.5701684233487728,0.5813629968140368
0.0,0.0,5.113046209216906,0.06907701374887008,0.7073142138617068,0.009555781754450338,150.0,1.0,1.6348148652462466,1.6171794071589924
0.0,0.2092204778691527,3.7881451350172277,0.012381744519929773,0.9470362837543069,0.0030954361299824432,16.0,0.0,-0.0272880511105478,-0.157928703720179
0.0,0.2092204778691527,3.4143178752529844,0.02193150694785209,0.9523998855123743,0.0061176391506020614,12.0,1.0,0.4249553976386062,-0.6326542248387359
0.0,0.0,4.275996885781059,0.04186856472867844,0.7465182031944156,0.0073095576415212835,53.0,1.0,0.5269873803677465,0.2864789076661947
0.0,0.0,5.357420096049035,0.053386852886361524,0.7411197216901739,0.007385280385653062,150.0,1.0,-1.8262706655370269,-0.4199033268724385
0.0,0.0,5.2246932457241915,0.044348128943641395,0.7428379104430538,0.006305340789818462,131.0,0.0,-1.3133151758910673,-0.4171205504854192
0.0,0.0,5.774067731031588,0.06055269399396147,0.7987567510336187,0.008376568369818631,150.0,0.0,0.6013624568871541,0.4620127707421115
0.0,0.0,5.930415588871952,0.04535752398718254,0.8248345339035298,0.006308571734363444,146.0,1.0,-0.5976873914406099,-0.8600409728737355
0.0,0.0,5.410156620355061,0.07304383891301229,0.7484150387487359,0.010104533263373579,150.0,1.0,-1.5758141608218572,-1.0352198538743216
0.0,0.0,5.035170425970591,0.06692849300614888,0.6965412526656122,0.009258565731375066,150.0,1.0,2.307889962914291,1.6890128141843093
0.0,0.0,5.870590598402396,0.04452837122615173,0.8346704864927265,0.006330967327916752,131.0,0.0,-0.5041274085952353,-0.683786547740047
0.0,0.06722154475830686,4.002738715008311,0.022265492611124395,0.926146531624014,0.005151749895483787,20.0,1.0,0.8366641702505938,-1.1604628847358935
0.0,0.4561861025695263,3.9880825158438227,0.017455306383039507,0.9227554064496207,0.0040387776010638145,20.0,1.0,0.5557591125024558,-0.710292056319903
0.0,0.0,5.476834934758567,0.03904581371632525,0.8500516787532535,0.006060244629102044,87.0,1.0,-0.0133272849124342,-0.8959441290882695
0.0,0.9814538950336537,4.136980521203197,0.0600551965013065,0.7883074814973186,0.011443602516891362,38.0,1.0,-1.1754170194869773,1.2580591369782546
0.0,0.011407757737461138,3.9278482559683114,0.02602842214310921,0.908818511028624,0.006022409806840509,20.0,0.0,-0.4104542569296401,0.0399878244982033
0.0,0.0,5.911737371436454,0.04637634712199778,0.8178013067624639,0.006415480745556854,150.0,1.0,0.0863401537684029,1.2233408055889992
0.0,0.0,3.6682411475004857,0.05066909488980303,0.6641079029588823,0.009173264515344195,46.0,1.0,0.3046913226653879,0.7602428493044333
0.0,0.23768828956288526,4.053792691178335,0.012543668314909537,0.9379593094049344,0.0029023315611724403,20.0,1.0,0.8311638904942448,-1.0632338362245033
0.0,0.029464051844922262,1.8505320618145813,0.05807935241092261,0.3735282063681632,0.01172326423342461,31.0,0.0,1.0757579938852575,-0.6897815894883772
0.0,0.15796854699966337,3.3436242991023803,0.02669802476650785,0.9326804111423123,0.007447225671436512,12.0,0.0,0.4155070981068078,-0.6469375368650024
0.0,0.0,3.816696510432773,0.03110718344048601,0.8026891295947971,0.006542149194135985,27.0,1.0,-0.6214552466881063,-0.1223490041642519
0.0,0.0,4.334706987784415,0.03428815755420837,0.8259845389785246,0.00653365685146615,38.0,1.0,-0.5070650366798631,-0.3291435280746942
0.0,0.0,5.967603792362482,0.046863359875582024,0.8255295986615925,0.006482851746883047,150.0,1.0,-0.4833720047077767,1.6334723000887557
0.0,0.0,4.423294159348957,0.08897193649344512,0.617789615384239,0.0124264714138674,143.0,1.0,3.877174856182618,-0.8059478926459508
0.2043246709802796,0.011407757737461138,3.2317428724017923,0.020121441287726756,0.9014718764147995,0.0056127341035447495,12.0,1.0,0.3321579419288261,-0.7068170158717606
0.0,0.0,4.497563615571045,0.046287565243494595,0.8570170994263282,0.00882016093494431,38.0,0.0,-0.4621854854070742,-0.1809097146861412
0.0,0.0,5.286526806918026,0.06164194703221276,0.7313126851374083,0.008527250394764612,150.0,1.0,-1.2401686517704311,-1.1333242487200437
0.8750927867718319,0.2468585146603582,3.7957408446134466,0.01968054284900089,0.9489352111533617,0.004920135712250222,16.0,1.0,-0.6341304134801153,0.4816666306897582
0.020814071335501033,0.0,3.8620027913776314,0.031218693066587085,0.8935833050869585,0.0072233254189299,20.0,1.0,-0.1793522030881783,-0.3099141021098307
0.0,0.0,5.135403704789217,0.08210225511099088,0.7301428768988669,0.01167315759240473,131.0,1.0,-1.571343413674405,-0.7427452271731214
0.0,0.0,5.757087270880778,0.04137767614086601,0.8135138173276646,0.005846934341218343,135.0,0.0,1.0574886080360149,-0.1610483702818279
0.0,0.0,5.5344112002384165,0.07459010116492433,0.7656038195445137,0.010318435744278927,150.0,1.0,0.2799340846306137,0.9677714707795018
0.0,0.0,2.7471862646181338,0.03906919411451574,0.5777605176501373,0.008216639004968935,27.0,1.0,1.1602086103013616,-0.5869858035355009
0.08735191991631625,0.4753035717834445,2.497876217548769,0.05825229360567787,0.5447975238959717,0.012705075253399695,24.0,0.0,-0.3432340908162725,0.5042399440582841
0.0,0.0,5.013790082585099,0.049796760156057385,0.7084810977234632,0.007036605585259205,135.0,0.0,1.4517610745497702,0.3488136196704711
0.0,0.0,5.86164247760174,0.03881815953044577,0.8233868517413138,0.005452799669768144,139.0,1.0,-0.8477883216492383,-0.4184059635050478
0.0,0.0,5.390009134077107,0.046727621975786705,0.7663422394613397,0.0066436530215191695,131.0,0.0,-0.6699532348018226,-0.8771228108111784
0.0,0.0,4.130046484633487,0.04146717956675818,0.7080617797702297,0.0071091996362109165,57.0,1.0,0.6777881025000425,0.243564202556858
0.0,0.0,5.545703139886081,0.04369641581782276,0.7836438669105888,0.006174587315237218,135.0,1.0,-1.5726802044343464,0.0178406726762203
0.0,0.0,5.179243855906859,0.06418871392686253,0.7275300923266983,0.00901660981192892,139.0,1.0,-1.2080059803219352,-1.4896419799867349
0.0,0.0,6.266831277287187,0.04690589631911832,0.8716250620534461,0.0065239278003224425,146.0,1.0,0.1546290798941139,-1.236548109150399
0.0,0.0,6.075441067458711,0.04847425762514736,0.8404472884963102,0.006705695591574191,150.0,1.0,-0.2479947947699703,-1.085942912281555
0.47215752724666754,0.9743523445292506,2.259977015554835,0.03601594162259548,0.6304046458227149,0.010046392846605896,12.0,1.0,-0.4232005310364337,0.4682487413733388
0.0,0.0,5.158974985658252,0.05872205536790312,0.713667779832552,0.008123326629440592,150.0,1.0,0.8560562830025887,1.8788102419345725
0.0,0.0,4.9720259733219265,0.08010001714624115,0.6915364808423691,0.011140747105895818,146.0,1.0,1.9748466806615257,0.3565474853407059
0.0,0.0601724420320086,2.551135359102674,0.07261693188889204,0.5149443419821721,0.014657661372167417,31.0,0.0,-0.6856495636721227,1.0321495238997431
0.0,0.0,5.977082034837644,0.03695133309945383,0.8268407731260485,0.0051116696491552175,150.0,1.0,-0.1321663802396526,-1.1217496175736317
0.0,0.0,5.770012309508821,0.03881287267981404,0.8203704381561501,0.005518347562961852,131.0,1.0,-0.0852835074032916,-1.1394496678111694
0.0,0.0,5.58602295996955,0.04816283709246407,0.7727435420829959,0.006662615173318214,150.0,1.0,0.7343820592183973,0.5023843456965756
0.0,0.0,5.132476980809773,0.08844510407704387,0.7100021733229688,0.012235070191112623,150.0,1.0,1.2749065552951129,1.6236996186982695
0.9938858724897721,0.44311055824469103,3.6905102178253117,0.020054644101978703,0.9226275544563279,0.005013661025494676,16.0,1.0,0.0671102863652645,-0.1961184801824667
0.0,0.037622360322278454,4.31154416114191,0.07179341008499782,0.7185906935236517,0.011965568347499627,64.0,0.0,-0.2458307895973238,0.5430660202637619
0.0,0.0,3.757580011802676,0.04472565883756946,0.665782380956213,0.00792466309092024,50.0,1.0,0.6769801425412045,0.4038947645587292
0.0,0.0,5.627765589205534,0.03475593611936297,0.8734774087079262,0.005394418892817627,87.0,1.0,0.5705800782698359,-1.360865232164583
0.0,0.0,4.244030902166058,0.06672466007191741,0.6878577780400819,0.010814500995768915,72.0,1.0,0.3045511724247615,0.5612655887874328
0.8581616590006764,0.21407106810421872,4.322665290805553,0.018337580166358242,0.942791852741577,0.003999504938911484,24.0,1.0,-0.6834048668937821,0.5298603921233214
0.0,0.0,4.18598085810248,0.07704051314089261,0.6273552184647828,0.011546103432028743,102.0,1.0,1.7028644228013128,-0.5978924392924417
0.0,0.0,5.0922548389352595,0.06113496193290118,0.7411913408934767,0.008898357573163635,117.0,1.0,1.7691781274459746,-0.7268199377715424
0.0,0.0,4.557522917031229,0.06814111078434008,0.6953178940986874,0.010395939749432101,94.0,1.0,-1.2323846567515535,-0.2832619137612142
0.0,0.0,5.1018230645970934,0.05818684701143733,0.8268857503785648,0.009430721929008101,72.0,1.0,-0.5774764971040387,-0.3922905205825481
0.8788323569105614,0.2513881446901185,2.904019754117111,0.02115577516175596,0.9161162339158768,0.006673904004709938,9.0,1.0,-0.1187007185116008,-0.050789887164881
0.0,0.0,5.895645956618369,0.05907058819187008,0.8155752978518735,0.008171540983526574,150.0,1.0,-0.80961993573899,-0.6560436505931007
0.0454146923337941,0.011407757737461138,4.056223828465841,0.025049637652905,0.8530641001748757,0.005268187237133868,27.0,1.0,-0.3413519183621854,-0.1216282883575222
0.8428959163008507,0.8775927477962673,2.5677639304205524,0.04439534225069821,0.8100393319249581,0.014005171172976769,9.0,1.0,0.4444515224878638,-0.520751901045085
0.0,0.0,2.2484339551791264,0.05350920688138536,0.49039309587057167,0.01167058768157188,24.0,1.0,0.9944453621178108,-0.2806110249152058
0.0,0.0,3.280611306527203,0.04872152414536447,0.6083861630008872,0.009035359072066169,42.0,1.0,-0.2933884576726762,1.176245796278132
0.13578841288558582,0.6599872509666215,3.2093044282642644,0.04425534181248443,0.6749485506868531,0.009307337301323788,27.0,1.0,-1.1018206280071934,1.2780582329231511
0.0,0.011407757737461145,2.222537185260408,0.05360777361334844,0.4847448992027375,0.011692085508860013,24.0,1.0,0.2931548541000678,0.0883996750429906
0.0,0.0,5.187946457133898,0.06534902497854109,0.7376133151667196,0.009291212111692473,131.0,1.0,-1.6930589218967964,0.1029856029599921
0.0,0.0,5.444275500597113,0.05662586410865144,0.8230558299455307,0.008560596827845561,98.0,0.0,-0.8215296820305332,-0.2474723761586123
0.686596131181084,0.11835001140827503,2.953925931507247,0.024844831270509106,0.9318598800171024,0.007837671635513363,9.0,1.0,0.2435862532793967,-0.4897871152238745
0.0,0.0,5.210724500046863,0.056726907948520845,0.7208265586876161,0.00784732753404132,150.0,0.0,1.3898671692200617,1.4710542715925727
0.0454146923337941,0.011407757737461138,4.027573314291594,0.03183591146894042,0.8470386128923243,0.006695407925940435,27.0,1.0,-0.8532097269153062,0.357675707758852
0.0,0.0,3.787157029894762,0.03858175384307197,0.7023245727146324,0.007154948571849837,42.0,1.0,-0.6298573005139461,1.3329883165338527
0.0,0.0,5.954278833983913,0.040889853412065885,0.8413782657365385,0.005778001821766581,135.0,1.0,0.9989194498837792,-2.459172579267697
0.0,0.0,4.97376658871641,0.09039953594806245,0.6917785751216147,0.012573260335874492,146.0,1.0,1.8194743476268376,-0.0218867119021337
0.020814071335501033,0.0,3.4641856225232246,0.02464285396319708,0.8015370793931516,0.00570181951716145,20.0,1.0,-0.1356223770305541,-0.4527118083102405
0.0,0.0,6.087083243804616,0.05157218010691975,0.8654510389143422,0.007332443974384384,131.0,1.0,0.4129569981079491,-1.3770276311366798
0.0,0.0,5.241485713935307,0.06005258810499345,0.7406559690660341,0.008485820674770663,135.0,0.0,-1.898412988368957,-0.3333171154887475
0.0,0.0,6.307851314759634,0.04585883196778189,0.886065954236987,0.006441805248745741,139.0,1.0,-0.7737744727592292,-0.0881946060410182
0.0,0.0,5.351510799623994,0.04951541264964455,0.7474311405757645,0.006915684698871182,143.0,0.0,-0.3030528564316118,-1.788252426182422
0.011407757737461145,0.11236071009937681,2.1195872743879005,0.05135367684867999,0.46229108178191564,0.011200457329935139,24.0,1.0,-0.8728024627779383,1.1857663940557135
0.0,0.0,6.17662642326316,0.05824132711597906,0.8544447838183998,0.00805682499583953,150.0,1.0,-0.4772084880872111,-0.706553838378515
0.02946405184492225,0.0,3.6796625883742253,0.0497468190847349,0.8513937547288426,0.01151033011020778,20.0,0.0,-0.0376198598267691,-0.5234576222314873
0.0,0.0,5.495330355768866,0.07060758297561237,0.7601975635374385,0.009767513337752404,150.0,1.0,0.5598220192125825,1.3138302994626037
0.26034062501245037,0.0,3.350974842226619,0.026570660730074355,0.9347307932935232,0.007411698371943728,12.0,1.0,-0.9715882313819524,0.6671222036838798
0.0,0.0,5.596319699588943,0.042915105157206784,0.7741679435046182,0.005936669184085288,150.0,1.0,-0.3672960634192421,-1.412377987225486
0.0,0.0,5.909217702123131,0.044889259663646486,0.8497340941176839,0.006454988852787955,124.0,1.0,0.0411013844247887,-1.0660827204483725
0.0,0.0,2.143307104011385,0.03443084810557033,0.5978603970279283,0.009604242191834414,12.0,1.0,0.0701039214544554,0.5466629174230484
0.0,0.0,5.844670878746008,0.05176288212855029,0.8085236508186758,0.007160628083895048,150.0,1.0,-0.8366276991912229,-0.6927545547818227
0.0,0.0,5.3179214541696735,0.025269666270041253,0.8253869458262486,0.003922068583454571,87.0,0.0,-0.4382387749311767,-0.6201955369580812
0.0,0.0,5.160626554474959,0.03756940134810577,0.8477467031921936,0.006171602575300345,68.0,0.0,-1.2889124383507935,0.5489232967751837
0.0,0.0,3.108611494494387,0.039856967961217404,0.8671252471592255,0.011117820047824691,12.0,0.0,-1.3348941479672816,0.8098956917808017
0.0,0.0,3.487295577501989,0.05641644562493968,0.5978675354812708,0.009672125736630805,57.0,1.0,1.6227236497164854,-1.305739327195378
0.0,0.0,2.9951516784414376,0.01568092875587503,0.9448651551940968,0.004946782257857907,9.0,0.0,-0.5207813065451645,0.3136697642649877
0.0,0.0,4.907738453604628,0.09532045128092399,0.6893916389347304,0.013389695223935476,139.0,1.0,1.6348148652462466,1.6171794071589924
0.0,0.0,2.245521583251897,0.08425821821093984,0.48975789505338485,0.01837707902685946,24.0,1.0,-0.7569677942719208,0.9826679208994716
0.0,0.0,3.94012277005885,0.053305681328319234,0.6755009541566107,0.00913881132661003,57.0,1.0,-0.3173872325958506,1.413882158549122
0.0,0.0,3.0415033148912913,0.055427856567904506,0.6139246659472359,0.01118806221943517,31.0,0.0,-0.1387696056460857,0.9939060265576278
0.0,0.0,3.8879625561343274,0.023456478025351286,0.8995898290704106,0.005427317972526934,20.0,1.0,0.2590027775230013,-0.6427775499617074
0.0,0.0,5.47779930717366,0.043241168334727235,0.8592573216470762,0.006782886411981153,83.0,0.0,0.3110605440927022,-0.9986855039958746
0.0,0.0,3.7360111510220912,0.05090035190048687,0.6763771603802263,0.009215131885082,46.0,1.0,0.0370302632217555,0.2649465755007006
0.0,0.0,6.3540738853440715,0.04580934962313116,0.8837592396460181,0.0063714141072542365,146.0,1.0,0.1914628141270012,-1.0002867425601318
0.0,0.0,2.1652136861070814,0.053157260658162,0.5413034215267704,0.0132893151645405,16.0,1.0,0.250540017906554,-0.1533940320504844
0.0,0.0,2.7557149051271694,0.029917083862349855,0.5372514825217211,0.005832605407718122,35.0,1.0,1.3804451795620396,-0.928334343633522
0.0,0.0,5.511238007903903,0.05834210448267823,0.762398151602533,0.00807076605191161,150.0,1.0,-0.6527672105804607,-1.3599553608471355
0.0,0.0,2.8848717811716376,0.04950436967056727,0.6292029173014793,0.010797115497189095,24.0,0.0,0.2001219707816017,0.3372690970054016
0.0,0.0,5.391062400425362,0.07699214177059467,0.7701517714893373,0.010998877395799246,128.0,0.0,1.5341088420698157,-0.6211358050937161
0.0,0.0,3.73203012053569,0.060809857898945316,0.6515506194857393,0.010616393572732087,53.0,1.0,0.2154944296097651,0.1974238511358862
0.0,0.0,5.883173932296971,0.04655308645821471,0.8459890503104994,0.006694243932786665,124.0,1.0,-0.2160914167477642,-0.7203909626307841
0.0,0.0,4.031942737755365,0.05127530135755561,0.6798383587515627,0.008645687448135422,61.0,1.0,-1.0723155423413515,1.2590460507789814
0.0,0.0,3.419941462273968,0.024736455224820184,0.6667484424189382,0.004822595115750389,35.0,1.0,-0.3768119735507239,1.1689262838528454
0.0,0.0,5.876390448294463,0.04523224118467038,0.8394843497563518,0.006461748740667193,128.0,1.0,0.1336881062208679,-1.2433998890875415
0.0,0.0,5.180739200213383,0.04247654137496498,0.7365885997587397,0.006039241684408836,131.0,0.0,-0.9439576902217728,-1.1410286386621
0.0,0.0,5.08467424043556,0.044852016014703004,0.707204216013251,0.006238262929421149,146.0,1.0,0.3966454048176494,-2.720376294196112
0.0,0.0,4.2754806619691355,0.04584093258606828,0.7575459966033954,0.008122271554176162,50.0,1.0,0.3640514542028094,0.4449762067686525
0.0,0.0,4.714855960274415,0.06884483238205269,0.6557678732857513,0.009575314643390533,146.0,1.0,-2.51671417831484,-2.417006310449918
0.0,0.0,5.0666488513264945,0.09318232148393431,0.7076452373243696,0.013014524577457283,143.0,0.0,1.6473385447105984,0.8525876715041223
0.0,0.0,6.246406975967525,0.03757200381635232,0.8774348477052115,0.005277751765681965,139.0,1.0,-0.5070650366798631,-0.3291435280746942
0.0,0.0,3.6453405287080294,0.03306851335499316,0.795064415060028,0.0072123846923048554,24.0,1.0,-0.2009494964647526,0.1974852462614848
0.0,0.0,5.992969375346516,0.055804859811305445,0.8335348555820754,0.007761644161731583,146.0,1.0,-0.7491505713089094,-0.642720531723709
0.0,0.0,5.993640075880053,0.03541520932326034,0.861873868433636,0.005092638709431292,124.0,1.0,-2.1813272289752383,1.2667645009114776
0.0,0.0,3.9943142669049245,0.030647668544800048,0.8062486862966087,0.0061862039016388395,31.0,1.0,-0.4391349998897556,-0.2813794150842255
0.0,0.0,4.783404969206152,0.094432996297533,0.6617132306133442,0.013063406393314188,150.0,1.0,1.8049939881503891,0.1326082539047031
0.0,0.0,5.985384662287664,0.06327516882797242,0.8407689572288906,0.008888283830640721,139.0,1.0,-1.9612803349561605,0.9318509221121278
0.0,0.0,5.334963313319988,0.06724791123658816,0.738013158406387,0.009302752512661949,150.0,1.0,-0.0470374455805665,-2.0589085594143284
0.0,0.0,5.248369777427507,0.0794428881080504,0.7260342252500844,0.010989746943369632,150.0,1.0,-1.6479653021231195,-0.485950831636176
0.0,0.0,2.317889123188025,0.042829007552067665,0.5794722807970063,0.010707251888016916,16.0,0.0,0.0007208864969449,0.0894767443072442
0.0,0.0,5.449187528413468,0.06353406338619243,0.7747561219085385,0.009033163990322264,131.0,1.0,-0.151653960662276,1.7994745897773945
0.0,0.0,3.94071649433807,0.032358557855810585,0.7134375473089009,0.005858277342273115,46.0,1.0,0.2931548541000678,0.0883996750429906
0.0,0.0,2.975871091287936,0.06618581168241919,0.6258552047622407,0.013919532618238544,27.0,1.0,-1.2312658667375882,1.4022361223642794
0.0,0.0,4.652548592320264,0.03229118124767607,0.6972799774999926,0.004839496823524593,102.0,1.0,1.1754995577229084,-0.3624451496642884
0.0,0.0,5.361960036345086,0.0618254725989762,0.7457706363255594,0.00859902381381711,146.0,1.0,0.8629747319338213,0.9925844504483874
0.0,0.0,4.930301381381826,0.046051652831554934,0.7343046018215316,0.006858797866474586,105.0,1.0,-1.4713729638275574,-0.0632078320097834
0.0,0.0,3.7099681116846606,0.038506814260338945,0.6573463226093902,0.006822784451897231,50.0,1.0,-0.3205225578822984,0.750402024517185
0.0,0.0,5.291947934856507,0.066543402349549,0.7391121552245156,0.009293938287372957,143.0,1.0,-2.4024477157786244,0.6078683719854113
0.0,0.0,5.340946514962505,0.0532237858346968,0.7428479612017795,0.007402654320537073,146.0,1.0,-1.453882364864757,-1.0170286960083816
0.0,0.0,2.649530944811206,0.057830099833359225,0.5572226353632284,0.012162243545624703,27.0,1.0,0.5269873803677465,0.2864789076661947
0.0,0.0,3.1767634515520053,0.025285733100467167,0.6681048605475064,0.005317840451317134,27.0,1.0,-0.102916878675822,0.618300703262087
0.0,0.0,4.301913390694327,0.04209929947470428,0.7622294484555319,0.007459314705959,50.0,1.0,-0.3712008966818798,1.3780437114092077
0.0,0.0,3.6736785799783194,0.04577151449662506,0.716216782704727,0.008923569696859281,35.0,1.0,-0.4835949095556754,1.2036828944983284
0.0,0.0,5.352554397961765,0.0784267856590877,0.7518750813193666,0.011016636443246158,139.0,1.0,1.1783304289074346,0.2501481111394519
0.0,0.0,4.966273490246369,0.08074454478652578,0.6907363941325408,0.011230391524199248,146.0,1.0,-0.4800614934307937,2.998453740044506
0.0,0.0,3.7502690054371164,0.038758703983604516,0.7887187664757049,0.008151339851041548,27.0,0.0,0.0735986292873764,-0.7841014920445216
0.0,0.0,3.297024688926792,0.031959235396469284,0.6933969915011975,0.0067213441710088665,27.0,1.0,0.7941873331204325,-0.1707340166742079
0.0,0.0,2.6229618446998773,0.05338910037247035,0.5516348901012764,0.011228257313801504,27.0,1.0,1.5672046193389224,-1.055482083398699
0.0,0.0,4.706994176519249,0.0496896084173929,0.6611930241358894,0.006979915679844642,139.0,1.0,1.261131327191954,1.616001406759443
0.0,0.0,4.468785326374734,0.06485535273517495,0.7009815977609669,0.010173325739174647,83.0,1.0,1.179496602039813,-0.3491987130873787
0.0,0.0,3.0237105688696717,0.03271990799918185,0.5761723196678783,0.006234824683718177,38.0,1.0,1.6227236497164854,-1.305739327195378
0.0,0.0,5.174523671223177,0.08608604126064907,0.7197009647241279,0.01197331597671961,146.0,1.0,1.5322166826355892,-0.0108733738284082
0.0,0.0,5.430456757676036,0.07134670237247202,0.7552975337859922,0.009923288362349968,146.0,1.0,-0.5105260542152487,-1.350300600717155
0.0,0.0,3.6495304197804415,0.02516317353906634,0.9123826049451104,0.006290793384766585,16.0,0.0,1.024033803959183,-1.4933808510321775
0.7727448592131423,0.9691686336805818,5.290035734901885,0.040317970234015406,0.8816726224836474,0.006719661705669221,64.0,0.0,0.3727562808081046,-0.4197485414896867
0.0,0.0,2.5386869049621565,0.030925890491281974,0.5873968398422231,0.007155577282247207,20.0,1.0,0.6621502478154779,0.0506917273438806
0.0,0.0,3.4033618338970144,0.04074606437802505,0.5738513847749587,0.006870320174180702,61.0,1.0,-0.3920584911545021,1.2982146738736886
0.0,0.0,5.424830774757363,0.054143164920792804,0.8130223264745432,0.00811446545234707,102.0,1.0,-0.8243368088314763,-0.0794543014735175
0.6484721588056481,0.13578841288558574,3.8395321567305416,0.02295116605197772,0.9598830391826354,0.00573779151299443,16.0,0.0,-0.2205979795901988,0.00129088476484
0.0,0.0,5.196668561900364,0.076188606009362,0.7188821278271519,0.010539565214096625,150.0,1.0,1.4963367198515405,-0.1071891500186859
0.0,0.0,4.924230713714038,0.050179840230351554,0.6811943865998729,0.006941637683668242,150.0,1.0,1.90356725998562,0.497847423897688
0.0,0.0,3.9753927518515217,0.06062385767476884,0.7043752743122605,0.010741566694169884,50.0,1.0,-0.12246215151765,0.9526470013797622
0.029464051844922262,0.3194539658094463,1.863347008919258,0.06151089574622414,0.4658367522298145,0.015377723936556035,16.0,0.0,-0.2583179274399414,0.4469435847907145
0.029464051844922262,0.26034062501245053,2.455634530175099,0.04900456672601519,0.5164442963283122,0.010306146402773601,27.0,0.0,-0.0513360331158278,0.2363115154456182
0.11236071009937675,0.02946405184492225,3.859490144919799,0.03442865691044692,0.8930019334392432,0.007966041117429597,20.0,1.0,-0.5739207658181579,0.1890495784334367
0.9483407304604878,0.686596131181084,3.810409257867898,0.025257468985379422,0.8816456854928783,0.005844028042775114,20.0,1.0,-1.5011375598850798,1.4616000812268597
0.0,0.0,5.586072626499229,0.05576607389064455,0.7727504127117675,0.0077144103730203166,150.0,1.0,-0.2440482039295255,2.0734929362487446
0.0,0.0,4.9713516923761425,0.06678673199665511,0.7148707730540866,0.00960380308748283,124.0,0.0,0.6348034703934029,0.9273174491927266
0.8312397541751453,0.9267197214533212,3.8764818670106225,0.03128559918218679,0.8454773329991033,0.006823523458973963,24.0,1.0,0.228884157598914,-0.2841574020919062
0.0,0.0,3.4703144917432303,0.052007478997866105,0.6765691189740923,0.010139327236585616,35.0,1.0,-0.2443989270037422,1.028538942899471
0.0,0.0,6.104425711744116,0.022869299246126382,0.8525887442121027,0.0031940936045390662,143.0,1.0,0.5547497477517397,-1.6075798192448836
0.0,0.0,5.250420225910136,0.08274667756517115,0.7263178744285215,0.011446777282429649,150.0,1.0,-1.453882364864757,-1.0170286960083816
0.0,0.011407757737461145,4.023985365361991,0.06088404722500321,0.7025211675480316,0.010629345799748217,53.0,1.0,0.3268090934364311,-0.0020818270345979
0.0,0.0,5.561273165815045,0.05209237678589447,0.7997003417215384,0.007490783184835984,124.0,1.0,-1.1361513551304376,-0.3820878937251378
0.0,0.0,5.4175749269049875,0.059055982840429525,0.765538518364487,0.00834499387903232,135.0,1.0,1.689215999740718,-0.4200956616915731
0.8763462289152606,0.22836402584056464,3.7300361464676626,0.02315829532915578,0.9325090366169156,0.005789573832288945,16.0,1.0,-2.1182372033930634,1.9531695683712773
0.0,0.0,5.8090962726468005,0.04230194392861589,0.8298708960924002,0.006043134846945116,128.0,1.0,-0.0792227067886807,-1.2071822237372574
0.8414646362081757,0.26034062501245037,3.308928720911026,0.014139809800220685,0.923002324360547,0.003944200196620286,12.0,1.0,0.4249553976386062,-0.6326542248387359
0.9953784388202257,0.5177526267252631,3.6182759015238823,0.021443637047027196,0.9045689753809706,0.005360909261756799,16.0,1.0,0.1363799165890735,-0.2703850263507778
0.0,0.0,5.891027419235606,0.03816460596590927,0.8227839778314083,0.005330348014756602,143.0,1.0,-0.0783798890999368,-1.238870415796203
0.0,0.0,5.896573579319604,0.05700316923337351,0.8157036207135958,0.007885544191102564,150.0,1.0,-1.3095769089603293,0.2143695289972818
0.9770225785327741,0.7138555955076475,1.8405321691931114,0.030660081605476786,0.7926740596514454,0.013204578416096098,5.0,1.0,0.599567469602931,-0.725093819111463
